# timestamp	dir	opcode	enc	len	hex
01:23:36.850	IN	-36	1	39	dc00000000040005312e352e300005756e69747900000140000000f0000276690005322e342e39
01:23:36.856	OUT	-36	0	2	dc01
01:23:36.863	IN	64	1	1	40
01:23:36.864	OUT	64	0	41	400000000100094c6f63616c686f737400093132372e302e302e3100004aec00004aec00004aec0101
01:23:43.350	IN	-36	1	39	dc00000000040005312e352e300005756e69747900000140000000f0000276690005322e342e39
01:23:43.351	OUT	-36	0	2	dc01
01:23:43.456	IN	64	1	1	40
01:23:43.456	OUT	64	0	41	400000000100094c6f63616c686f737400093132372e302e302e3100004aec00004aec00004aec0101
01:24:04.674	IN	1	1	39	010009676f706574746573740008616263313233343500000005312e352e300000000000000000
01:24:06.345	OUT	3	0	54	03000005b200066b7a6864397800066b7a68643978001b666538303a3a623666643a393465663a393136343a63313535253500004aec
01:24:06.347	OUT	121	0	6	790000001200
01:24:06.354	OUT	31	0	22	1f000005b200066b7a68643978000000000000000000
01:24:06.356	OUT	29	0	18	1d0000000b00000000000000006000000060
01:24:06.358	OUT	34	0	2208	2200ffffffe7ffffffe70000003200000032ffffffff00136e7063735c5c7472616e5f7472616e2e706e670000000100000176000000750000000600000002002c4e68e1baad6e20706574206d69e1bb856e207068c3ad2063686f206e67c6b0e1bb9d69206de1bb9b69203a2900224e68e1baad6e20706574206d69e1bb856e207068c3ad2074e1baa16920c491c3a27900095452414e204348414e0100ffffffe7ffffffe70000003200000032fffffff900166e7063732f6261635f73695f78695f74696e2e706e6700000001000001d6000001580000000600000001002242c3a1632073c4a9207468c3ba2079206dc3a1742074617920c491c3a2792028...
01:24:06.435	OUT	81	0	6	511600000000
01:24:06.435	OUT	81	0	86	510801000005b200000001000f7065744672616d65332f312e706e6700315275612054657374202873616f64656e292873616f64656e292873616f64656e292873616f64656e292873616f64656e2900000002020000
01:24:06.439	OUT	81	0	18	5128000073840000738c0000758100007581
01:24:06.439	OUT	81	0	31	515c0300000001000005b20011616e696d5f77696e67732f31352e706e6723
01:24:06.441	OUT	81	0	33	513d00000001000005b20015616e696d5f636861726163746572732f312e706e67
01:24:06.442	OUT	81	0	33	513d00000001000005b20015616e696d5f636861726163746572732f312e706e67
01:24:06.444	OUT	81	0	23	515b1700000001000005b2000a554e4954594755494c44
01:24:06.445	OUT	81	0	23	515b1700000001000005b2000a554e4954594755494c44
01:24:06.446	OUT	81	0	10	5104000005b200000000
01:24:06.446	OUT	81	0	10	5105000005b200000000
01:24:06.447	OUT	81	0	6	515e00000014
01:24:06.447	OUT	81	0	34	5119000000140000000000018448000000000000c40c000000000000000000000000
01:24:06.448	OUT	81	0	18	516600000014000000000000000000000000
01:24:06.449	OUT	81	0	18	5128000073840000738c0000758100007581
01:24:06.450	OUT	81	0	6	516700003a98
01:24:06.667	IN	81	1	3	515b0e
01:24:06.674	OUT	81	0	157	515b0e0000006306001b54c3aa6e2062616e672068e1bb99693a20556e6974794775696c64000943e1baa5703a203136001242616e67206368e1bba73a206b7a6864397800125468c3a06e68207669c3aa6e3a20352f333000334b68e1baa975206869e1bb87753a2042616e6720636875cc89206361cc81692062616e672062616e6720c4836e206d61cc8079000e5175e1bbb93a203733352e303030
01:24:06.769	IN	81	1	2	5136
01:24:06.803	OUT	122	0	37	7a080000040a0200184e6869e1bb876d2076e1bba52063e1bba7612062e1baa16e00000000
01:24:10.709	IN	27	1	62	1b000005b2000000000b0000000c00000060000000600000006000000095000000a400000095000000b4000000a5000000b4000000be000000c9000000be
01:24:10.710	OUT	27	0	62	1b000005b2000000000b0000000c00000060000000600000006000000095000000a400000095000000b4000000a5000000b4000000be000000c9000000be
01:24:12.708	IN	27	1	30	1b000005b2000000000b00000004000000c9000000be00000189000000be
01:24:12.708	OUT	27	0	30	1b000005b2000000000b00000004000000c9000000be00000189000000be
01:24:14.709	IN	27	1	38	1b000005b2020000000b0000000600000189000000be0000021f000000be0000021f000000c2
01:24:14.709	OUT	27	0	38	1b000005b2020000000b0000000600000189000000be0000021f000000be0000021f000000c2
01:24:16.709	IN	27	1	30	1b000005b2030000000b000000040000021f000000c30000021f000000ab
01:24:16.709	OUT	27	0	30	1b000005b2030000000b000000040000021f000000c30000021f000000ab
01:24:17.880	IN	25	1	13	19000000130000000000000001
01:24:17.935	OUT	31	0	22	1f000005b200066b7a68643978000000000000000000
01:24:17.936	OUT	29	0	18	1d0000001300000000000000016800000168
01:24:17.937	OUT	34	0	432	2200ffffffe7ffffffe70000003200000032fffffffe00106e7063732f5469656e5f4e752e706e67000000010000018200000085000000060000000300264e68616e682074617920c491c3a16e68207175c3a16920c491e1bb9569207175c3a0206ec3a800355068e1baa3692033207468e1bb8f692076c3a06e67206de1bb9b6920c491e1bb956920c491c6b0e1bba36320c491c3b3206e68c3a900355068e1baa3692033207468e1bb8f692062e1baa163206de1bb9b6920c491e1bb956920c491c6b0e1bba36320c491c3b3206e68c3a900075449454e204e550100ffffffe7ffffffe70000003200000032fffffffd000e6e7063732f6172656e612e706e...
01:24:17.952	OUT	81	0	365	51160000000792783a14000f7065744672616d65332f362e706e67000c6b68e1bba76e67206c6f6e67000000010000004a000000550002000000c24f6371000f7065744672616d65332f362e706e67000c6b68e1bba76e67206c6f6e670000000100000076000001490002000000abb1097e000f7065744672616d65332f362e706e67000c6b68e1bba76e67206c6f6e6700000001000000be000001610002000000d7936c44000f7065744672616d65332f332e706e67000a67c3a02072e1bbab6e6700000001000000da000000890002000000f7b3aec7000f7065744672616d65332f332e706e67000a67c3a02072e1bbab6e67000000010000011e000001...
01:24:17.966	OUT	81	0	86	510801000005b200000001000f7065744672616d65332f312e706e6700315275612054657374202873616f64656e292873616f64656e292873616f64656e292873616f64656e292873616f64656e2900000002020000
01:24:17.969	OUT	81	0	18	5128000073840000738c0000758100007581
01:24:17.970	OUT	81	0	31	515c0300000001000005b20011616e696d5f77696e67732f31352e706e6723
01:24:17.971	OUT	81	0	33	513d00000001000005b20015616e696d5f636861726163746572732f312e706e67
01:24:17.972	OUT	81	0	33	513d00000001000005b20015616e696d5f636861726163746572732f312e706e67
01:24:17.974	OUT	81	0	23	515b1700000001000005b2000a554e4954594755494c44
01:24:17.975	OUT	81	0	23	515b1700000001000005b2000a554e4954594755494c44
01:24:17.976	OUT	81	0	10	5104000005b200000000
01:24:17.977	OUT	81	0	10	5105000005b200000000
01:24:21.420	IN	27	1	38	1b000005b20100000013000000060000016800000167000001680000014f000000fe0000014f
01:24:21.421	OUT	27	0	38	1b000005b20100000013000000060000016800000167000001680000014f000000fe0000014f
01:24:21.924	IN	81	1	2	5167
01:24:22.298	OUT	81	0	6	516700004a38
01:24:22.478	IN	81	1	6	5124f7b3aec7
01:24:22.492	OUT	81	0	197	5124000061a1000061a8000005b200000001000f7065744672616d65332f312e706e67020000000972c3b961206261627900000001000000140000001400000019000000010000000100007384000075810000738c0000758100f7b3aec7f7b3aec7000f7065744672616d65332f332e706e67020000000a67c3a02072e1bbab6e67000000010000066e000003ff00000337000003ff0200000065000c736f6e67206bc3ad636820310000006600166769e1baa36d2073c3a174207468c6b0c6a16e672031
01:24:22.496	OUT	81	0	35	5126000005b202000005b2010000000affffec787ff7b3aec7010000000a000007d07f
01:24:22.498	OUT	81	0	61	512b000005b202000005b200000002000049d600002bb3000000f7b3aec700000001000000470000004200000200000065000000320000006600000032
01:24:22.825	OUT	81	0	61	5125000005b2f7b3aec7ffffffff000061a80100000001000005b2000000000000000000000000000000000000ffffffff000000000000000000000000
01:24:24.859	OUT	81	0	18	5128000073830000738c0000758100007581
01:24:24.860	OUT	81	0	35	5126000005b202000005b2010000000affffec787ff7b3aec7010000000a000007d07f
01:24:27.190	IN	81	1	3	512501
01:24:27.423	OUT	81	0	61	5125000005b2000005b200000002000061a80100000001f7b3aec7000000000000000000000000000000000000ffffb679000000000000000000000000
01:24:27.426	OUT	81	0	18	5128000073830000738c0000758100007581
01:24:27.427	OUT	81	0	35	5126000005b202000005b2010000000affffec787ff7b3aec7010000000a000007d07f
01:24:27.498	OUT	81	0	6	515e00000014
01:24:27.498	OUT	81	0	34	5119000000140000000000018448000000000000c410000000000000000000000000
01:24:27.499	OUT	81	0	18	516600000014000000000000000000000000
01:24:27.505	OUT	81	0	20	5110000005b2000005b200000000040000006400
01:24:27.506	OUT	81	0	6	5163000005b2
01:24:27.506	OUT	81	0	18	5128000073830000738c0000758100007581
01:24:30.198	IN	81	1	6	5124f7b3aec7
01:24:31.455	IN	81	1	6	5124f7b3aec7
01:24:33.105	IN	81	1	6	5124abb1097e
01:24:33.105	OUT	81	0	199	5124000061a8000061a8000005b200000001000f7065744672616d65332f312e706e67020000000972c3b961206261627900000001000000140000001400000019000000010000000100007383000075810000738c0000758100abb1097eabb1097e000f7065744672616d65332f362e706e67020000000c6b68e1bba76e67206c6f6e67000000010000066e000003ff00000337000003ff0200000065000c736f6e67206bc3ad636820310000006600166769e1baa36d2073c3a174207468c6b0c6a16e672031
01:24:33.111	OUT	81	0	35	5126000005b202000005b2010000000a00000bb87fabb1097e010000000affffec787f
01:24:33.112	OUT	81	0	61	512b000005b202000005b200000002000049d600002bb3000000abb1097e00000001000000470000004200000200000065000000320000006600000032
01:24:33.114	OUT	81	0	61	5125000005b2abb1097effffffff000061a80100000001000005b2000000000000000000000000000000000000ffffffff000000000000000000000000
01:24:33.303	IN	81	1	6	5124abb1097e
01:24:34.735	IN	81	1	6	5124abb1097e
01:24:35.154	OUT	81	0	18	5128000073820000738c0000758100007581
01:24:35.155	OUT	81	0	35	5126000005b202000005b2010000000a00000bb87fabb1097e010000000affffec787f
01:24:41.300	IN	81	1	2	5167
01:24:41.783	OUT	81	0	6	516700006590
01:24:47.882	IN	81	1	3	512501
01:24:47.891	OUT	81	0	61	5125000005b2000005b20000000c000061a80100000001abb1097e000000000000000000000000000000000000ffffb66c000000000000000000000000
01:24:47.895	OUT	81	0	18	5128000073820000738c0000758100007581
01:24:47.897	OUT	81	0	35	5126000005b202000005b2010000000a00000bb87fabb1097e010000000affffec787f
01:24:47.898	OUT	81	0	6	515e00000014
01:24:47.898	OUT	81	0	34	5119000000140000000000018448000000000000c414000000000000000000000000
01:24:47.899	OUT	81	0	18	516600000014000000000000000000000000
01:24:47.900	OUT	81	0	20	5110000005b2000005b200000000040000006400
01:24:47.901	OUT	81	0	6	5163000005b2
01:24:47.902	OUT	81	0	18	5128000073820000738c0000758100007581
01:48:51.110	IN	-36	1	39	dc00000000040005312e352e300005756e69747900000140000000f0000276690005322e342e39
01:48:51.110	OUT	-36	0	2	dc01
01:48:51.235	IN	64	1	1	40
01:48:51.235	OUT	64	0	41	400000000100094c6f63616c686f737400093132372e302e302e3100004aec00004aec00004aec0101
01:48:54.447	IN	1	1	39	010009676f706574746573740008616263313233343500000005312e352e300000000000000000
01:48:55.067	OUT	3	0	54	03000005b200066b7a6864397800066b7a68643978001b666538303a3a623666643a393465663a393136343a63313535253500004aec
01:48:55.069	OUT	121	0	6	790000001200
01:48:55.069	OUT	31	0	22	1f000005b200066b7a68643978000000000000000000
01:48:55.070	OUT	29	0	18	1d0000000b00000000000000006000000060
01:48:55.071	OUT	34	0	2208	2200ffffffe7ffffffe70000003200000032ffffffff00136e7063735c5c7472616e5f7472616e2e706e670000000100000176000000750000000600000002002c4e68e1baad6e20706574206d69e1bb856e207068c3ad2063686f206e67c6b0e1bb9d69206de1bb9b69203a2900224e68e1baad6e20706574206d69e1bb856e207068c3ad2074e1baa16920c491c3a27900095452414e204348414e0100ffffffe7ffffffe70000003200000032fffffff900166e7063732f6261635f73695f78695f74696e2e706e6700000001000001d6000001580000000600000001002242c3a1632073c4a9207468c3ba2079206dc3a1742074617920c491c3a2792028...
01:48:55.142	OUT	81	0	6	511600000000
01:48:55.143	OUT	81	0	86	510801000005b200000001000f7065744672616d65332f312e706e6700315275612054657374202873616f64656e292873616f64656e292873616f64656e292873616f64656e292873616f64656e2900000002020000
01:48:55.146	OUT	81	0	18	5128000073820000738c0000758100007581
01:48:55.147	OUT	81	0	31	515c0300000001000005b20011616e696d5f77696e67732f31352e706e6723
01:48:55.148	OUT	81	0	33	513d00000001000005b20015616e696d5f636861726163746572732f312e706e67
01:48:55.149	OUT	81	0	33	513d00000001000005b20015616e696d5f636861726163746572732f312e706e67
01:48:55.151	OUT	81	0	23	515b1700000001000005b2000a554e4954594755494c44
01:48:55.152	OUT	81	0	23	515b1700000001000005b2000a554e4954594755494c44
01:48:55.153	OUT	81	0	10	5104000005b200000000
01:48:55.154	OUT	81	0	10	5105000005b200000000
01:48:55.154	OUT	81	0	6	515e00000014
01:48:55.155	OUT	81	0	34	5119000000140000000000018448000000000000c414000000000000000000000000
01:48:55.156	OUT	81	0	18	516600000014000000000000000000000000
01:48:55.157	OUT	81	0	18	5128000073820000738c0000758100007581
01:48:55.158	OUT	81	0	6	516700006d60
01:48:55.286	IN	81	1	3	515b0e
01:48:55.286	OUT	81	0	157	515b0e0000006306001b54c3aa6e2062616e672068e1bb99693a20556e6974794775696c64000943e1baa5703a203136001242616e67206368e1bba73a206b7a6864397800125468c3a06e68207669c3aa6e3a20352f333000334b68e1baa975206869e1bb87753a2042616e6720636875cc89206361cc81692062616e672062616e6720c4836e206d61cc8079000e5175e1bbb93a203733352e303030
01:48:55.342	IN	81	1	2	5136
01:48:55.343	OUT	122	0	37	7a080000040a0200184e6869e1bb876d2076e1bba52063e1bba7612062e1baa16e00000000
01:48:58.873	IN	27	1	94	1b000005b2000000000b00000014000000600000006000000060000000840000006100000084000000610000008500000063000000870000006400000087000000640000008800000065000000880000006500000089000000fa00000089
01:48:58.874	OUT	27	0	94	1b000005b2000000000b00000014000000600000006000000060000000840000006100000084000000610000008500000063000000870000006400000087000000640000008800000065000000880000006500000089000000fa00000089
01:49:00.873	IN	27	1	118	1b000005b2030000000b0000001a000000fb00000089000001250000008900000125000000c4000000f9000000c4000000f8000000c3000000f8000000c2000000f7000000c2000000f7000000c1000000f6000000c1000000f4000000bf000000f4000000be000000f3000000be000000f3000000b0
01:49:00.874	OUT	27	0	118	1b000005b2030000000b0000001a000000fb00000089000001250000008900000125000000c4000000f9000000c4000000f8000000c3000000f8000000c2000000f7000000c2000000f7000000c1000000f6000000c1000000f4000000bf000000f4000000be000000f3000000be000000f3000000b0
01:49:02.890	IN	27	1	38	1b000005b2000000000b00000006000000f3000000b0000000f3000000ad0000018f000000ad
01:49:02.891	OUT	27	0	38	1b000005b2000000000b00000006000000f3000000b0000000f3000000ad0000018f000000ad
01:49:04.895	IN	27	1	46	1b000005b2010000000b000000080000018f000000ad000001c4000000ad000001c4000000c4000001de000000c4
01:49:04.895	OUT	27	0	46	1b000005b2010000000b000000080000018f000000ad000001c4000000ad000001c4000000c4000001de000000c4
01:49:06.896	IN	27	1	46	1b000005b2000000000b00000008000001de000000c4000001d5000000c4000001d5000000aa0000021c000000aa
01:49:06.896	OUT	27	0	46	1b000005b2000000000b00000008000001de000000c4000001d5000000c4000001d5000000aa0000021c000000aa
01:49:08.541	IN	25	1	13	19000000130000000000000001
01:49:08.542	OUT	31	0	22	1f000005b200066b7a68643978000000000000000000
01:49:08.543	OUT	29	0	18	1d0000001300000000000000016800000168
01:49:08.544	OUT	34	0	432	2200ffffffe7ffffffe70000003200000032fffffffe00106e7063732f5469656e5f4e752e706e67000000010000018200000085000000060000000300264e68616e682074617920c491c3a16e68207175c3a16920c491e1bb9569207175c3a0206ec3a800355068e1baa3692033207468e1bb8f692076c3a06e67206de1bb9b6920c491e1bb956920c491c6b0e1bba36320c491c3b3206e68c3a900355068e1baa3692033207468e1bb8f692062e1baa163206de1bb9b6920c491e1bb956920c491c6b0e1bba36320c491c3b3206e68c3a900075449454e204e550100ffffffe7ffffffe70000003200000032fffffffd000e6e7063732f6172656e612e706e...
01:49:08.560	OUT	81	0	366	51160000000792783a14000f7065744672616d65332f362e706e67000c6b68e1bba76e67206c6f6e67000000010000004a000000550002000000c24f6371000f7065744672616d65332f362e706e67000c6b68e1bba76e67206c6f6e670000000100000076000001490002000000d7936c44000f7065744672616d65332f332e706e67000a67c3a02072e1bbab6e6700000001000000da000000890002000000ab84d16e000f7065744672616d65332f372e706e67000b74e1bb8120746869c3aa6e000000010000017a000001410002000000a54a32d6000f7065744672616d65332f322e706e67000c72e1bb936e6720637520746500000001000001a20000...
01:49:08.574	OUT	81	0	86	510801000005b200000001000f7065744672616d65332f312e706e6700315275612054657374202873616f64656e292873616f64656e292873616f64656e292873616f64656e292873616f64656e2900000002020000
01:49:08.577	OUT	81	0	18	5128000073820000738c0000758100007581
01:49:08.578	OUT	81	0	31	515c0300000001000005b20011616e696d5f77696e67732f31352e706e6723
01:49:08.579	OUT	81	0	33	513d00000001000005b20015616e696d5f636861726163746572732f312e706e67
01:49:08.581	OUT	81	0	33	513d00000001000005b20015616e696d5f636861726163746572732f312e706e67
01:49:08.582	OUT	81	0	23	515b1700000001000005b2000a554e4954594755494c44
01:49:08.583	OUT	81	0	23	515b1700000001000005b2000a554e4954594755494c44
01:49:08.584	OUT	81	0	10	5104000005b200000000
01:49:08.585	OUT	81	0	10	5105000005b200000000
01:49:12.055	IN	27	1	70	1b000005b201000000130000000e0000016800000167000001680000014700000167000001470000016700000146000001660000014600000166000001450000011000000145
01:49:12.055	OUT	27	0	70	1b000005b201000000130000000e0000016800000167000001680000014700000167000001470000016700000146000001660000014600000166000001450000011000000145
01:49:12.860	IN	81	1	6	5124f76a7315
01:49:12.861	OUT	81	0	199	5124000061a7000061a8000005b200000001000f7065744672616d65332f312e706e67020000000972c3b961206261627900000001000000140000001400000019000000010000000100007382000075810000738c0000758100f76a7315f76a7315000f7065744672616d65332f362e706e67020000000c6b68e1bba76e67206c6f6e67000000010000066e000003ff00000337000003ff0200000065000c736f6e67206bc3ad636820310000006600166769e1baa36d2073c3a174207468c6b0c6a16e672031
01:49:12.866	OUT	81	0	35	5126000005b202000005b2010000000a00000bb87ff76a7315010000000affffec787f
01:49:12.868	OUT	81	0	61	512b000005b202000005b200000002000049d600002bb3000000f76a731500000001000000470000004200000200000065000000320000006600000032
01:49:12.943	OUT	81	0	61	5125000005b2f76a7315ffffffff000061a80100000001000005b2000000000000000000000000000000000000ffffffff000000000000000000000000
01:49:14.996	OUT	81	0	18	5128000073810000738c0000758100007581
01:49:14.996	OUT	81	0	35	5126000005b202000005b2010000000a00000bb87ff76a7315010000000affffec787f
01:49:23.411	IN	81	1	2	5167
01:49:23.716	OUT	81	0	6	516700004a38
01:49:33.933	IN	81	1	3	512501
01:49:34.413	OUT	81	0	61	5125000005b2000005b200000013000061a80100000001f76a7315000000000000000000000000000000000000ffffb66c000000000000000000000000
01:49:34.415	OUT	81	0	18	5128000073810000738c0000758100007581
01:49:34.416	OUT	81	0	35	5126000005b202000005b2010000000a00000bb87ff76a7315010000000affffec787f
01:49:34.417	OUT	81	0	6	515e00000014
01:49:34.418	OUT	81	0	34	5119000000140000000000018448000000000000c418000000000000000000000000
01:49:34.418	OUT	81	0	18	516600000014000000000000000000000000
01:49:34.419	OUT	81	0	20	5110000005b2000005b200000000040000006400
01:49:34.419	OUT	81	0	6	5163000005b2
01:49:34.419	OUT	81	0	18	5128000073810000738c0000758100007581
02:05:01.090	IN	-36	1	39	dc00000000040005312e352e300005756e69747900000140000000f0000276690005322e342e39
02:05:01.090	OUT	-36	0	2	dc01
02:05:01.253	IN	64	1	1	40
02:05:01.253	OUT	64	0	41	400000000100094c6f63616c686f737400093132372e302e302e3100004aec00004aec00004aec0101
02:05:04.261	IN	1	1	39	010009676f706574746573740008616263313233343500000005312e352e300000000000000000
02:05:05.440	OUT	3	0	54	03000005b200066b7a6864397800066b7a68643978001b666538303a3a623666643a393465663a393136343a63313535253500004aec
02:05:05.444	OUT	121	0	6	790000001200
02:05:05.444	OUT	31	0	22	1f000005b200066b7a68643978000000000000000000
02:05:05.447	OUT	29	0	18	1d0000000b00000000000000006000000060
02:05:05.448	OUT	34	0	2208	2200ffffffe7ffffffe70000003200000032ffffffff00136e7063735c5c7472616e5f7472616e2e706e670000000100000176000000750000000600000002002c4e68e1baad6e20706574206d69e1bb856e207068c3ad2063686f206e67c6b0e1bb9d69206de1bb9b69203a2900224e68e1baad6e20706574206d69e1bb856e207068c3ad2074e1baa16920c491c3a27900095452414e204348414e0100ffffffe7ffffffe70000003200000032fffffff900166e7063732f6261635f73695f78695f74696e2e706e6700000001000001d6000001580000000600000001002242c3a1632073c4a9207468c3ba2079206dc3a1742074617920c491c3a2792028...
02:05:05.534	OUT	81	0	6	511600000000
02:05:05.535	OUT	81	0	86	510801000005b200000001000f7065744672616d65332f312e706e6700315275612054657374202873616f64656e292873616f64656e292873616f64656e292873616f64656e292873616f64656e2900000002020000
02:05:05.538	OUT	81	0	18	5128000073810000738c0000758100007581
02:05:05.539	OUT	81	0	31	515c0300000001000005b20011616e696d5f77696e67732f31352e706e6723
02:05:05.540	OUT	81	0	33	513d00000001000005b20015616e696d5f636861726163746572732f312e706e67
02:05:05.541	OUT	81	0	33	513d00000001000005b20015616e696d5f636861726163746572732f312e706e67
02:05:05.543	OUT	81	0	23	515b1700000001000005b2000a554e4954594755494c44
02:05:05.544	OUT	81	0	23	515b1700000001000005b2000a554e4954594755494c44
02:05:05.545	OUT	81	0	10	5104000005b200000000
02:05:05.545	OUT	81	0	10	5105000005b200000000
02:05:05.546	OUT	81	0	6	515e00000014
02:05:05.546	OUT	81	0	34	5119000000140000000000018448000000000000c418000000000000000000000000
02:05:05.547	OUT	81	0	18	516600000014000000000000000000000000
02:05:05.548	OUT	81	0	18	5128000073810000738c0000758100007581
02:05:05.642	IN	81	1	3	515b0e
02:05:05.643	OUT	81	0	157	515b0e0000006306001b54c3aa6e2062616e672068e1bb99693a20556e6974794775696c64000943e1baa5703a203136001242616e67206368e1bba73a206b7a6864397800125468c3a06e68207669c3aa6e3a20352f333000334b68e1baa975206869e1bb87753a2042616e6720636875cc89206361cc81692062616e672062616e6720c4836e206d61cc8079000e5175e1bbb93a203733352e303030
02:05:05.670	IN	81	1	2	5136
02:05:05.670	OUT	122	0	37	7a080000040a0200184e6869e1bb876d2076e1bba52063e1bba7612062e1baa16e00000000
02:05:05.688	OUT	81	0	6	516700006d60
02:05:09.163	IN	27	1	246	1b000005b2020000000b0000003a000000600000006000000060000000800000006300000083000000640000008300000064000000840000006500000085000000660000008500000066000000860000006700000086000000670000008700000068000000870000006800000088000000690000008800000069000000890000006a000000890000006a0000008a000000cc0000008a000000cc0000008b000000cd0000008b000000cd0000008c000000ce0000008c000000ce0000008d000000cf0000008d000000cf0000008e000000d00000008e000000d00000008f000000d100000090000000d200000090000000d2000000b8
02:05:09.164	OUT	27	0	246	1b000005b2020000000b0000003a000000600000006000000060000000800000006300000083000000640000008300000064000000840000006500000085000000660000008500000066000000860000006700000086000000670000008700000068000000870000006800000088000000690000008800000069000000890000006a000000890000006a0000008a000000cc0000008a000000cc0000008b000000cd0000008b000000cd0000008c000000ce0000008c000000ce0000008d000000cf0000008d000000cf0000008e000000d00000008e000000d00000008f000000d100000090000000d200000090000000d2000000b8
02:05:11.163	IN	27	1	262	1b000005b2000000000b0000003e0000015e000000ae0000015e000000af0000015f000000af0000015f000000b000000160000000b000000160000000b100000161000000b100000161000000b200000162000000b200000162000000b300000163000000b300000163000000b400000164000000b400000164000000b500000165000000b500000165000000b600000166000000b600000166000000b700000167000000b700000167000000b800000168000000b800000168000000b900000169000000b900000169000000ba0000016a000000ba0000016a000000bb0000016b000000bb0000016b000000bc0000016c000000bc0000016c000000bd0000...
02:05:11.164	OUT	27	0	262	1b000005b2000000000b0000003e0000015e000000ae0000015e000000af0000015f000000af0000015f000000b000000160000000b000000160000000b100000161000000b100000161000000b200000162000000b200000162000000b300000163000000b300000163000000b400000164000000b400000164000000b500000165000000b500000165000000b600000166000000b600000166000000b700000167000000b700000167000000b800000168000000b800000168000000b900000169000000b900000169000000ba0000016a000000ba0000016a000000bb0000016b000000bb0000016b000000bc0000016c000000bc0000016c000000bd0000...
02:05:13.165	IN	27	1	30	1b000005b2000000000b0000000400000171000000bd00000222000000bd
02:05:13.165	OUT	27	0	30	1b000005b2000000000b0000000400000171000000bd00000222000000bd
02:05:15.909	IN	27	1	46	1b000005b2030000000b0000000800000222000000bc00000222000000b000000233000000b000000233000000a2
02:05:15.909	OUT	27	0	46	1b000005b2030000000b0000000800000222000000bc00000222000000b000000233000000b000000233000000a2
02:05:17.396	IN	25	1	13	19000000130000000000000001
02:05:17.397	OUT	31	0	22	1f000005b200066b7a68643978000000000000000000
02:05:17.397	OUT	29	0	18	1d0000001300000000000000016800000168
02:05:17.398	OUT	34	0	432	2200ffffffe7ffffffe70000003200000032fffffffe00106e7063732f5469656e5f4e752e706e67000000010000018200000085000000060000000300264e68616e682074617920c491c3a16e68207175c3a16920c491e1bb9569207175c3a0206ec3a800355068e1baa3692033207468e1bb8f692076c3a06e67206de1bb9b6920c491e1bb956920c491c6b0e1bba36320c491c3b3206e68c3a900355068e1baa3692033207468e1bb8f692062e1baa163206de1bb9b6920c491e1bb956920c491c6b0e1bba36320c491c3b3206e68c3a900075449454e204e550100ffffffe7ffffffe70000003200000032fffffffd000e6e7063732f6172656e612e706e...
02:05:17.412	OUT	81	0	366	51160000000792783a14000f7065744672616d65332f362e706e67000c6b68e1bba76e67206c6f6e67000000010000004a000000550002000000c24f6371000f7065744672616d65332f362e706e67000c6b68e1bba76e67206c6f6e670000000100000076000001490002000000d7936c44000f7065744672616d65332f332e706e67000a67c3a02072e1bbab6e6700000001000000da000000890002000000ab84d16e000f7065744672616d65332f372e706e67000b74e1bb8120746869c3aa6e000000010000017a000001410002000000a54a32d6000f7065744672616d65332f322e706e67000c72e1bb936e6720637520746500000001000001a20000...
02:05:17.424	OUT	81	0	86	510801000005b200000001000f7065744672616d65332f312e706e6700315275612054657374202873616f64656e292873616f64656e292873616f64656e292873616f64656e292873616f64656e2900000002020000
02:05:17.427	OUT	81	0	18	5128000073810000738c0000758100007581
02:05:17.428	OUT	81	0	31	515c0300000001000005b20011616e696d5f77696e67732f31352e706e6723
02:05:17.429	OUT	81	0	33	513d00000001000005b20015616e696d5f636861726163746572732f312e706e67
02:05:17.431	OUT	81	0	33	513d00000001000005b20015616e696d5f636861726163746572732f312e706e67
02:05:17.432	OUT	81	0	23	515b1700000001000005b2000a554e4954594755494c44
02:05:17.433	OUT	81	0	23	515b1700000001000005b2000a554e4954594755494c44
02:05:17.434	OUT	81	0	10	5104000005b200000000
02:05:17.435	OUT	81	0	10	5105000005b200000000
02:05:20.548	IN	27	1	262	1b000005b203000000130000003e000001670000016800000148000001680000014800000167000001470000016700000147000001660000014600000166000001460000016500000145000001650000014500000164000001440000016400000144000001630000014300000163000001430000016200000142000001620000014200000161000001410000016100000141000001600000014000000160000001400000015f0000013f0000015f0000013f0000015e0000013e0000015e0000013e0000015d0000013d0000015d0000013d0000015c0000013c0000015c0000013c0000015b0000013b0000015b0000013b0000015a0000013a0000015a0000...
02:05:20.548	OUT	27	0	262	1b000005b203000000130000003e000001670000016800000148000001680000014800000167000001470000016700000147000001660000014600000166000001460000016500000145000001650000014500000164000001440000016400000144000001630000014300000163000001430000016200000142000001620000014200000161000001410000016100000141000001600000014000000160000001400000015f0000013f0000015f0000013f0000015e0000013e0000015e0000013e0000015d0000013d0000015d0000013d0000015c0000013c0000015c0000013c0000015b0000013b0000015b0000013b0000015a0000013a0000015a0000...
02:05:21.014	IN	81	1	6	5124abac996e
02:05:21.015	OUT	81	0	185	5124000061a8000061a8000005b200000001000f7065744672616d65332f312e706e67020000000972c3b961206261627900000001000000140000001400000019000000010000000100007381000075810000738c0000758100abac996eabac996e000f7065744672616d65332f322e706e67020000000c72e1bb936e67206375207465000000010000066e000003ff00000337000003ff0200000068000862c4836e6720203100000069000c73e1baa56d2073c3a9742031
02:05:21.021	OUT	81	0	35	5126000005b202000005b2010000000affffec787fabac996e010000000a000007d07f
02:05:21.022	OUT	81	0	61	512b000005b202000005b200000002000049d600002bb3000000abac996e000000010000004700000042000002000000680000003c000000690000003c
02:05:21.485	OUT	81	0	61	5125000005b2abac996effffffff000061a80100000001000005b2000000000000000000000000000000000000ffffffff000000000000000000000000
02:05:23.531	OUT	81	0	18	5128000073800000738c0000758100007581
02:05:23.532	OUT	81	0	35	5126000005b202000005b2010000000affffec787fabac996e010000000a000007d07f
02:05:37.277	IN	81	1	2	5167
02:05:37.315	OUT	81	0	6	5167000059d8
02:05:48.536	OUT	81	0	61	5125000005b2000005b200000019000061a80100000001abac996e000000000000000000000000000000000000ffffb679000000000000000000000000
02:05:48.538	OUT	81	0	18	5128000073800000738c0000758100007581
02:05:48.538	OUT	81	0	35	5126000005b202000005b2010000000affffec787fabac996e010000000a000007d07f
02:05:48.539	OUT	81	0	6	515e00000014
02:05:48.540	OUT	81	0	34	5119000000140000000000018448000000000000c41c000000000000000000000000
02:05:48.541	OUT	81	0	18	516600000014000000000000000000000000
02:05:48.541	OUT	81	0	20	5110000005b2000005b200000000040000006400
02:05:48.542	OUT	81	0	6	5163000005b2
02:05:48.542	OUT	81	0	18	5128000073800000738c0000758100007581
02:05:48.543	OUT	81	0	18	5128000073800000738c0000758100007581
02:05:48.543	OUT	81	0	35	5126000005b202000005b2010000000affffec787fabac996e010000000a000007d07f
02:06:13.967	OUT	81	0	57	5116000000018cd0084f000f7065744672616d65332f372e706e67000b74e1bb8120746869c3aa6e000000020000011e000001590002000000
02:06:28.332	IN	81	1	2	5167
02:06:28.719	OUT	81	0	6	516700007148
02:16:46.202	IN	-36	1	39	dc00000000040005312e352e300005756e69747900000140000000f0000276690005322e342e39
02:16:46.202	OUT	-36	0	2	dc01
02:16:46.399	IN	64	1	1	40
02:16:46.399	OUT	64	0	41	400000000100094c6f63616c686f737400093132372e302e302e3100004aec00004aec00004aec0101
02:16:49.737	IN	1	1	39	010009676f706574746573740008616263313233343500000005312e352e300000000000000000
02:16:51.067	OUT	3	0	54	03000005b200066b7a6864397800066b7a68643978001b666538303a3a623666643a393465663a393136343a63313535253500004aec
02:16:51.069	OUT	121	0	6	790000001200
02:16:51.070	OUT	31	0	22	1f000005b200066b7a68643978000000000000000000
02:16:51.070	OUT	29	0	18	1d0000000b00000000000000006000000060
02:16:51.071	OUT	34	0	2208	2200ffffffe7ffffffe70000003200000032ffffffff00136e7063735c5c7472616e5f7472616e2e706e670000000100000176000000750000000600000002002c4e68e1baad6e20706574206d69e1bb856e207068c3ad2063686f206e67c6b0e1bb9d69206de1bb9b69203a2900224e68e1baad6e20706574206d69e1bb856e207068c3ad2074e1baa16920c491c3a27900095452414e204348414e0100ffffffe7ffffffe70000003200000032fffffff900166e7063732f6261635f73695f78695f74696e2e706e6700000001000001d6000001580000000600000001002242c3a1632073c4a9207468c3ba2079206dc3a1742074617920c491c3a2792028...
02:16:51.152	OUT	81	0	6	511600000000
02:16:51.153	OUT	81	0	86	510801000005b200000001000f7065744672616d65332f312e706e6700315275612054657374202873616f64656e292873616f64656e292873616f64656e292873616f64656e292873616f64656e2900000002020000
02:16:51.156	OUT	81	0	18	5128000073800000738c0000758100007581
02:16:51.157	OUT	81	0	31	515c0300000001000005b20011616e696d5f77696e67732f31352e706e6723
02:16:51.158	OUT	81	0	33	513d00000001000005b20015616e696d5f636861726163746572732f312e706e67
02:16:51.159	OUT	81	0	33	513d00000001000005b20015616e696d5f636861726163746572732f312e706e67
02:16:51.161	OUT	81	0	23	515b1700000001000005b2000a554e4954594755494c44
02:16:51.162	OUT	81	0	23	515b1700000001000005b2000a554e4954594755494c44
02:16:51.163	OUT	81	0	10	5104000005b200000000
02:16:51.163	OUT	81	0	10	5105000005b200000000
02:16:51.164	OUT	81	0	6	515e00000014
02:16:51.164	OUT	81	0	34	5119000000140000000000018448000000000000c41c000000000000000000000000
02:16:51.165	OUT	81	0	18	516600000014000000000000000000000000
02:16:51.166	OUT	81	0	18	5128000073800000738c0000758100007581
02:16:51.275	IN	81	1	3	515b0e
02:16:51.276	OUT	81	0	157	515b0e0000006306001b54c3aa6e2062616e672068e1bb99693a20556e6974794775696c64000943e1baa5703a203136001242616e67206368e1bba73a206b7a6864397800125468c3a06e68207669c3aa6e3a20352f333000334b68e1baa975206869e1bb87753a2042616e6720636875cc89206361cc81692062616e672062616e6720c4836e206d61cc8079000e5175e1bbb93a203733352e303030
02:16:51.306	IN	81	1	2	5136
02:16:51.307	OUT	122	0	37	7a080000040a0200184e6869e1bb876d2076e1bba52063e1bba7612062e1baa16e00000000
02:16:51.540	OUT	81	0	6	516700004650
02:16:55.126	IN	27	1	94	1b000005b2000000000b000000140000006000000060000000600000007c00000065000000810000007a000000810000007c000000830000007c000000840000007d000000840000007e000000850000007e0000009c000000ea0000009c
02:16:55.126	OUT	27	0	94	1b000005b2000000000b000000140000006000000060000000600000007c00000065000000810000007a000000810000007c000000830000007c000000840000007d000000840000007e000000850000007e0000009c000000ea0000009c
02:16:57.126	IN	27	1	78	1b000005b2020000000b00000010000000eb0000009c0000014d0000009c00000151000000a000000151000000a100000152000000a100000152000000ae00000160000000ae00000160000000c1
02:16:57.126	OUT	27	0	78	1b000005b2020000000b00000010000000eb0000009c0000014d0000009c00000151000000a000000151000000a100000152000000a100000152000000ae00000160000000ae00000160000000c1
02:17:06.366	IN	27	1	30	1b000005b2000000000b0000000400000160000000c100000220000000c1
02:17:06.367	OUT	27	0	30	1b000005b2000000000b0000000400000160000000c100000220000000c1
02:17:08.370	IN	27	1	38	1b000005b2030000000b0000000600000221000000c10000022e000000c10000022e000000a5
02:17:08.370	OUT	27	0	38	1b000005b2030000000b0000000600000221000000c10000022e000000c10000022e000000a5
02:17:09.220	IN	25	1	13	19000000130000000000000001
02:17:09.221	OUT	31	0	22	1f000005b200066b7a68643978000000000000000000
02:17:09.221	OUT	29	0	18	1d0000001300000000000000016800000168
02:17:09.222	OUT	34	0	432	2200ffffffe7ffffffe70000003200000032fffffffe00106e7063732f5469656e5f4e752e706e67000000010000018200000085000000060000000300264e68616e682074617920c491c3a16e68207175c3a16920c491e1bb9569207175c3a0206ec3a800355068e1baa3692033207468e1bb8f692076c3a06e67206de1bb9b6920c491e1bb956920c491c6b0e1bba36320c491c3b3206e68c3a900355068e1baa3692033207468e1bb8f692062e1baa163206de1bb9b6920c491e1bb956920c491c6b0e1bba36320c491c3b3206e68c3a900075449454e204e550100ffffffe7ffffffe70000003200000032fffffffd000e6e7063732f6172656e612e706e...
02:17:09.233	OUT	81	0	365	51160000000792783a14000f7065744672616d65332f362e706e67000c6b68e1bba76e67206c6f6e67000000010000004a000000550002000000c24f6371000f7065744672616d65332f362e706e67000c6b68e1bba76e67206c6f6e670000000100000076000001490002000000d7936c44000f7065744672616d65332f332e706e67000a67c3a02072e1bbab6e6700000001000000da000000890002000000ab84d16e000f7065744672616d65332f372e706e67000b74e1bb8120746869c3aa6e000000010000017a000001410002000000a54a32d6000f7065744672616d65332f322e706e67000c72e1bb936e6720637520746500000001000001a20000...
02:17:09.244	OUT	81	0	86	510801000005b200000001000f7065744672616d65332f312e706e6700315275612054657374202873616f64656e292873616f64656e292873616f64656e292873616f64656e292873616f64656e2900000002020000
02:17:09.247	OUT	81	0	18	5128000073800000738c0000758100007581
02:17:09.248	OUT	81	0	31	515c0300000001000005b20011616e696d5f77696e67732f31352e706e6723
02:17:09.249	OUT	81	0	33	513d00000001000005b20015616e696d5f636861726163746572732f312e706e67
02:17:09.250	OUT	81	0	33	513d00000001000005b20015616e696d5f636861726163746572732f312e706e67
02:17:09.252	OUT	81	0	23	515b1700000001000005b2000a554e4954594755494c44
02:17:09.253	OUT	81	0	23	515b1700000001000005b2000a554e4954594755494c44
02:17:09.254	OUT	81	0	10	5104000005b200000000
02:17:09.254	OUT	81	0	10	5105000005b200000000
02:17:09.545	IN	81	1	2	5167
02:17:09.720	OUT	81	0	6	516700005208
02:17:12.368	IN	27	1	262	1b000005b201000000130000003e000001450000015b000001450000015a000001440000015a0000014400000159000001430000015900000143000001580000014200000158000001420000015700000141000001570000014100000156000001400000015600000140000001550000013f000001550000013f000001540000013e000001540000013e000001530000013d000001530000013d000001520000013c000001520000013c000001510000013b000001510000013b000001500000013a000001500000013a0000014f000001390000014f000001390000014e000001380000014e000001380000014d000001370000014d000001370000014c0000...
02:17:12.368	OUT	27	0	262	1b000005b201000000130000003e000001450000015b000001450000015a000001440000015a0000014400000159000001430000015900000143000001580000014200000158000001420000015700000141000001570000014100000156000001400000015600000140000001550000013f000001550000013f000001540000013e000001540000013e000001530000013d000001530000013d000001520000013c000001520000013c000001510000013b000001510000013b000001500000013a000001500000013a0000014f000001390000014f000001390000014e000001380000014e000001380000014d000001370000014d000001370000014c0000...
02:17:12.787	IN	81	1	6	51248cd0084f
02:17:12.788	OUT	81	0	189	5124000061a8000061a8000005b200000001000f7065744672616d65332f312e706e67020000000972c3b961206261627900000001000000140000001400000019000000010000000100007380000075810000738c00007581008cd0084f8cd0084f000f7065744672616d65332f372e706e67020000000b74e1bb8120746869c3aa6e0000000200000994000005f6000004ca000005f6020000006b000d68e1baa120c491e1bb996320310000006c000c68e1baa1207468e1bba72031
02:17:12.794	OUT	81	0	35	5126000005b202000005b2010000000a000000007f8cd0084f010000000a000000007f
02:17:12.796	OUT	81	0	61	512b000005b202000005b200000002000049d600002bb30000008cd0084f0000000200000069000000640000020000006b0000003c0000006c0000003c
02:17:13.296	OUT	81	0	61	5125000005b28cd0084fffffffff000061a80100000001000005b2000000000000000000000000000000000000ffffffff000000000000000000000000
02:17:15.333	OUT	81	0	18	51280000737f0000738c0000758100007581
02:17:15.334	OUT	81	0	35	5126000005b202000005b2010000000a000000007f8cd0084f010000000a000000007f
02:17:30.726	IN	81	1	2	5167
02:17:31.112	OUT	81	0	6	5167000055f0
02:17:40.809	OUT	81	0	61	5125000005b2000005b200000019000061a801000000018cd0084f000000000000000000000000000000000000ffffb68e000000000000000000000000
02:17:40.811	OUT	81	0	18	51280000737f0000738c0000758100007581
02:17:40.812	OUT	81	0	35	5126000005b202000005b2010000000a000000007f8cd0084f010000000a000000007f
02:17:40.814	OUT	81	0	6	515e00000014
02:17:40.814	OUT	81	0	34	5119000000140000000000018448000000000000c424000000000000000000000000
02:17:40.815	OUT	81	0	18	516600000014000000000000000000000000
02:17:40.816	OUT	81	0	20	5110000005b2000005b200000000080000009600
02:17:40.817	OUT	81	0	6	5163000005b2
02:17:40.817	OUT	81	0	18	51280000737f0000738c0000758100007581
02:17:40.818	OUT	81	0	18	51280000737f0000738c0000758100007581
02:17:40.819	OUT	81	0	35	5126000005b202000005b2010000000a000000007f8cd0084f010000000a000000007f
02:17:44.987	IN	81	1	6	5124d362b954
02:17:44.987	OUT	81	0	189	5124000061a8000061a8000005b200000001000f7065744672616d65332f312e706e67020000000972c3b96120626162790000000100000014000000140000001900000001000000010000737f000075810000738c0000758100d362b954d362b954000f7065744672616d65332f372e706e67020000000b74e1bb8120746869c3aa6e0000000200000994000005f6000004ca000005f6020000006b000d68e1baa120c491e1bb996320310000006c000c68e1baa1207468e1bba72031
02:17:44.992	OUT	81	0	35	5126000005b202000005b2010000000a000000007fd362b954010000000a000000007f
02:17:44.994	OUT	81	0	61	512b000005b202000005b200000002000049d600002bb3000000d362b9540000000200000069000000640000020000006b0000003c0000006c0000003c
02:17:45.429	OUT	81	0	61	5125000005b2d362b954ffffffff000061a80100000001000005b2000000000000000000000000000000000000ffffffff000000000000000000000000
02:17:47.464	OUT	81	0	18	51280000737e0000738c0000758100007581
02:17:47.464	OUT	81	0	35	5126000005b202000005b2010000000a000000007fd362b954010000000a000000007f
02:18:05.262	IN	81	1	2	5167
02:18:05.329	OUT	81	0	6	516700004e20
02:18:05.830	OUT	81	0	58	511600000001a2a96045000f7065744672616d65332f322e706e67000c72e1bb936e67206375207465000000010000011e000001590002000000
02:24:52.545	IN	-36	1	39	dc00000000040005312e352e300005756e69747900000140000000f0000276690005322e342e39
02:24:52.545	OUT	-36	0	2	dc01
02:24:52.686	IN	64	1	1	40
02:24:52.686	OUT	64	0	41	400000000100094c6f63616c686f737400093132372e302e302e3100004aec00004aec00004aec0101
02:25:22.912	IN	1	1	39	010009676f706574746573740008616263313233343500000005312e352e300000000000000000
02:25:23.435	OUT	3	0	54	03000005b200066b7a6864397800066b7a68643978001b666538303a3a623666643a393465663a393136343a63313535253500004aec
02:25:23.436	OUT	121	0	6	790000001200
02:25:23.437	OUT	31	0	22	1f000005b200066b7a68643978000000000000000000
02:25:23.437	OUT	29	0	18	1d0000000b00000000000000006000000060
02:25:23.437	OUT	34	0	2208	2200ffffffe7ffffffe70000003200000032ffffffff00136e7063735c5c7472616e5f7472616e2e706e670000000100000176000000750000000600000002002c4e68e1baad6e20706574206d69e1bb856e207068c3ad2063686f206e67c6b0e1bb9d69206de1bb9b69203a2900224e68e1baad6e20706574206d69e1bb856e207068c3ad2074e1baa16920c491c3a27900095452414e204348414e0100ffffffe7ffffffe70000003200000032fffffff900166e7063732f6261635f73695f78695f74696e2e706e6700000001000001d6000001580000000600000001002242c3a1632073c4a9207468c3ba2079206dc3a1742074617920c491c3a2792028...
02:25:23.477	OUT	81	0	6	511600000000
02:25:23.478	OUT	81	0	86	510801000005b200000001000f7065744672616d65332f312e706e6700315275612054657374202873616f64656e292873616f64656e292873616f64656e292873616f64656e292873616f64656e2900000002020000
02:25:23.479	OUT	81	0	18	51280000737e0000738c0000758100007581
02:25:23.480	OUT	81	0	31	515c0300000001000005b20011616e696d5f77696e67732f31352e706e6723
02:25:23.480	OUT	81	0	33	513d00000001000005b20015616e696d5f636861726163746572732f312e706e67
02:25:23.481	OUT	81	0	33	513d00000001000005b20015616e696d5f636861726163746572732f312e706e67
02:25:23.482	OUT	81	0	23	515b1700000001000005b2000a554e4954594755494c44
02:25:23.483	OUT	81	0	23	515b1700000001000005b2000a554e4954594755494c44
02:25:23.483	OUT	81	0	10	5104000005b200000000
02:25:23.483	OUT	81	0	10	5105000005b200000000
02:25:23.484	OUT	81	0	6	515e00000014
02:25:23.484	OUT	81	0	34	5119000000140000000000018448000000000000c424000000000000000000000000
02:25:23.485	OUT	81	0	18	516600000014000000000000000000000000
02:25:23.485	OUT	81	0	18	51280000737e0000738c0000758100007581
02:25:23.499	OUT	81	0	6	516700004e20
02:25:23.554	IN	81	1	3	515b0e
02:25:23.555	OUT	81	0	157	515b0e0000006306001b54c3aa6e2062616e672068e1bb99693a20556e6974794775696c64000943e1baa5703a203136001242616e67206368e1bba73a206b7a6864397800125468c3a06e68207669c3aa6e3a20352f333000334b68e1baa975206869e1bb87753a2042616e6720636875cc89206361cc81692062616e672062616e6720c4836e206d61cc8079000e5175e1bbb93a203733352e303030
02:25:23.572	IN	81	1	2	5136
02:25:23.572	OUT	122	0	37	7a080000040a0200184e6869e1bb876d2076e1bba52063e1bba7612062e1baa16e00000000
02:25:27.603	IN	27	1	110	1b000005b2000000000b000000180000006000000060000000890000006000000089000000860000008a000000860000008a000000870000008b000000870000008b000000880000008c000000880000008c000000890000008d000000890000008d0000008a000000e90000008a
02:25:27.604	OUT	27	0	110	1b000005b2000000000b000000180000006000000060000000890000006000000089000000860000008a000000860000008a000000870000008b000000870000008b000000880000008c000000880000008c000000890000008d000000890000008d0000008a000000e90000008a
02:25:29.605	IN	27	1	30	1b000005b2000000000b00000004000000ea0000008a000001a90000008a
02:25:29.605	OUT	27	0	30	1b000005b2000000000b00000004000000ea0000008a000001a90000008a
02:25:31.605	IN	27	1	198	1b000005b2000000000b0000002e000001aa0000008a000001d40000008a000001d50000008b000001d50000008c000001d60000008c000001d70000008d000001d70000008e000001d80000008e000001d80000008f000001d90000008f000001da00000090000001da00000091000001db00000091000001db00000092000001dc00000092000001dc00000093000001dd00000093000001dd000000c1000001de000000c1000001de000000c2000001df000000c2000001df000000c30000021f000000c3
02:25:31.605	OUT	27	0	198	1b000005b2000000000b0000002e000001aa0000008a000001d40000008a000001d50000008b000001d50000008c000001d60000008c000001d70000008d000001d70000008e000001d80000008e000001d80000008f000001d90000008f000001da00000090000001da00000091000001db00000091000001db00000092000001dc00000092000001dc00000093000001dd00000093000001dd000000c1000001de000000c1000001de000000c2000001df000000c2000001df000000c30000021f000000c3
02:25:33.801	IN	27	1	30	1b000005b2030000000b000000040000021f000000c30000021f000000a5
02:25:33.801	OUT	27	0	30	1b000005b2030000000b000000040000021f000000c30000021f000000a5
02:25:35.148	IN	25	1	13	19000000130000000000000001
02:25:35.148	OUT	31	0	22	1f000005b200066b7a68643978000000000000000000
02:25:35.149	OUT	29	0	18	1d0000001300000000000000016800000168
02:25:35.149	OUT	34	0	432	2200ffffffe7ffffffe70000003200000032fffffffe00106e7063732f5469656e5f4e752e706e67000000010000018200000085000000060000000300264e68616e682074617920c491c3a16e68207175c3a16920c491e1bb9569207175c3a0206ec3a800355068e1baa3692033207468e1bb8f692076c3a06e67206de1bb9b6920c491e1bb956920c491c6b0e1bba36320c491c3b3206e68c3a900355068e1baa3692033207468e1bb8f692062e1baa163206de1bb9b6920c491e1bb956920c491c6b0e1bba36320c491c3b3206e68c3a900075449454e204e550100ffffffe7ffffffe70000003200000032fffffffd000e6e7063732f6172656e612e706e...
02:25:35.154	OUT	81	0	366	51160000000792783a14000f7065744672616d65332f362e706e67000c6b68e1bba76e67206c6f6e67000000010000004a000000550002000000c24f6371000f7065744672616d65332f362e706e67000c6b68e1bba76e67206c6f6e670000000100000076000001490002000000d7936c44000f7065744672616d65332f332e706e67000a67c3a02072e1bbab6e6700000001000000da000000890002000000ab84d16e000f7065744672616d65332f372e706e67000b74e1bb8120746869c3aa6e000000010000017a000001410002000000a54a32d6000f7065744672616d65332f322e706e67000c72e1bb936e6720637520746500000001000001a20000...
02:25:35.159	OUT	81	0	86	510801000005b200000001000f7065744672616d65332f312e706e6700315275612054657374202873616f64656e292873616f64656e292873616f64656e292873616f64656e292873616f64656e2900000002020000
02:25:35.161	OUT	81	0	18	51280000737e0000738c0000758100007581
02:25:35.162	OUT	81	0	31	515c0300000001000005b20011616e696d5f77696e67732f31352e706e6723
02:25:35.163	OUT	81	0	33	513d00000001000005b20015616e696d5f636861726163746572732f312e706e67
02:25:35.165	OUT	81	0	33	513d00000001000005b20015616e696d5f636861726163746572732f312e706e67
02:25:35.166	OUT	81	0	23	515b1700000001000005b2000a554e4954594755494c44
02:25:35.168	OUT	81	0	23	515b1700000001000005b2000a554e4954594755494c44
02:25:35.168	OUT	81	0	10	5104000005b200000000
02:25:35.169	OUT	81	0	10	5105000005b200000000
02:25:38.604	IN	27	1	262	1b000005b201000000130000003e000001470000015d000001470000015c000001460000015c000001460000015b000001450000015b000001450000015a0000014400000159000001430000015900000143000001580000014200000158000001420000015700000100000001570000010000000156000000ff00000156000000ff00000155000000fe00000155000000fe00000154000000fd00000154000000fd00000153000000fc00000153000000fc00000152000000fb00000152000000fb00000151000000fa00000151000000fa00000150000000f900000150000000f90000014f000000f80000014f000000f80000014e000000f70000014e0000...
02:25:38.604	OUT	27	0	262	1b000005b201000000130000003e000001470000015d000001470000015c000001460000015c000001460000015b000001450000015b000001450000015a0000014400000159000001430000015900000143000001580000014200000158000001420000015700000100000001570000010000000156000000ff00000156000000ff00000155000000fe00000155000000fe00000154000000fd00000154000000fd00000153000000fc00000153000000fc00000152000000fb00000152000000fb00000151000000fa00000151000000fa00000150000000f900000150000000f90000014f000000f80000014f000000f80000014e000000f70000014e0000...
02:25:39.446	IN	81	1	6	5124a2a96045
02:25:39.447	OUT	81	0	185	5124000061a8000061a8000005b200000001000f7065744672616d65332f312e706e67020000000972c3b96120626162790000000100000014000000140000001900000001000000010000737e000075810000738c0000758100a2a96045a2a96045000f7065744672616d65332f322e706e67020000000c72e1bb936e67206375207465000000010000066e000003ff00000337000003ff0200000068000862c4836e6720203100000069000c73e1baa56d2073c3a9742031
02:25:39.450	OUT	81	0	35	5126000005b202000005b2010000000affffec787fa2a96045010000000a000007d07f
02:25:39.451	OUT	81	0	61	512b000005b202000005b200000002000049d600002bb3000000a2a96045000000010000004700000042000002000000680000003c000000690000003c
02:25:39.746	OUT	81	0	61	5125000005b2a2a96045ffffffff000061a80100000001000005b2000000000000000000000000000000000000ffffffff000000000000000000000000
02:25:41.789	OUT	81	0	18	51280000737d0000738c0000758100007581
02:25:41.790	OUT	81	0	35	5126000005b202000005b2010000000affffec787fa2a96045010000000a000007d07f
02:25:43.611	IN	81	1	2	5167
02:25:43.808	OUT	81	0	6	516700006d60
02:26:06.797	OUT	81	0	61	5125000005b2000005b200000019000061a80100000001a2a96045000000000000000000000000000000000000ffffb679000000000000000000000000
02:26:06.798	OUT	81	0	18	51280000737d0000738c0000758100007581
02:26:06.798	OUT	81	0	35	5126000005b202000005b2010000000affffec787fa2a96045010000000a000007d07f
02:26:06.798	OUT	81	0	6	515e00000014
02:26:06.798	OUT	81	0	34	5119000000140000000000018448000000000000c428000000000000000000000000
02:26:06.799	OUT	81	0	18	516600000014000000000000000000000000
02:26:06.799	OUT	81	0	20	5110000005b2000005b200000000040000006400
02:26:06.799	OUT	81	0	6	5163000005b2
02:26:06.800	OUT	81	0	18	51280000737d0000738c0000758100007581
02:26:06.800	OUT	81	0	18	51280000737d0000738c0000758100007581
02:26:06.800	OUT	81	0	35	5126000005b202000005b2010000000affffec787fa2a96045010000000a000007d07f
02:26:32.194	OUT	81	0	56	511600000001fd6664a4000f7065744672616d65332f332e706e67000a67c3a02072e1bbab6e67000000010000011e000001590002000000
02:31:49.187	IN	-36	1	39	dc00000000040005312e352e300005756e69747900000140000000f0000276690005322e342e39
02:31:49.187	OUT	-36	0	2	dc01
02:31:49.218	IN	64	1	1	40
02:31:49.218	OUT	64	0	41	400000000100094c6f63616c686f737400093132372e302e302e3100004aec00004aec00004aec0101
02:34:58.658	IN	-36	1	39	dc00000000040005312e352e300005756e69747900000140000000f0000276690005322e342e39
02:34:58.658	OUT	-36	0	2	dc01
02:34:58.801	IN	64	1	1	40
02:34:58.802	OUT	64	0	41	400000000100094c6f63616c686f737400093132372e302e302e3100004aec00004aec00004aec0101
02:35:02.412	IN	1	1	39	010009676f706574746573740008616263313233343500000005312e352e300000000000000000
02:35:02.896	OUT	3	0	54	03000005b200066b7a6864397800066b7a68643978001b666538303a3a623666643a393465663a393136343a63313535253500004aec
02:35:02.898	OUT	121	0	6	790000001200
02:35:02.898	OUT	31	0	22	1f000005b200066b7a68643978000000000000000000
02:35:02.898	OUT	29	0	18	1d0000000b00000000000000006000000060
02:35:02.899	OUT	34	0	2208	2200ffffffe7ffffffe70000003200000032ffffffff00136e7063735c5c7472616e5f7472616e2e706e670000000100000176000000750000000600000002002c4e68e1baad6e20706574206d69e1bb856e207068c3ad2063686f206e67c6b0e1bb9d69206de1bb9b69203a2900224e68e1baad6e20706574206d69e1bb856e207068c3ad2074e1baa16920c491c3a27900095452414e204348414e0100ffffffe7ffffffe70000003200000032fffffff900166e7063732f6261635f73695f78695f74696e2e706e6700000001000001d6000001580000000600000001002242c3a1632073c4a9207468c3ba2079206dc3a1742074617920c491c3a2792028...
02:35:02.955	OUT	81	0	6	511600000000
02:35:02.955	OUT	81	0	86	510801000005b200000001000f7065744672616d65332f312e706e6700315275612054657374202873616f64656e292873616f64656e292873616f64656e292873616f64656e292873616f64656e2900000002020000
02:35:02.957	OUT	81	0	18	51280000737d0000738c0000758100007581
02:35:02.957	OUT	81	0	31	515c0300000001000005b20011616e696d5f77696e67732f31352e706e6723
02:35:02.958	OUT	81	0	33	513d00000001000005b20015616e696d5f636861726163746572732f312e706e67
02:35:02.959	OUT	81	0	33	513d00000001000005b20015616e696d5f636861726163746572732f312e706e67
02:35:02.959	OUT	81	0	23	515b1700000001000005b2000a554e4954594755494c44
02:35:02.960	OUT	81	0	23	515b1700000001000005b2000a554e4954594755494c44
02:35:02.960	OUT	81	0	10	5104000005b200000000
02:35:02.961	OUT	81	0	10	5105000005b200000000
02:35:02.961	OUT	81	0	6	515e00000014
02:35:02.961	OUT	81	0	34	5119000000140000000000018448000000000000c428000000000000000000000000
02:35:02.962	OUT	81	0	18	516600000014000000000000000000000000
02:35:02.962	OUT	81	0	18	51280000737d0000738c0000758100007581
02:35:03.011	IN	81	1	3	515b0e
02:35:03.011	OUT	81	0	157	515b0e0000006306001b54c3aa6e2062616e672068e1bb99693a20556e6974794775696c64000943e1baa5703a203136001242616e67206368e1bba73a206b7a6864397800125468c3a06e68207669c3aa6e3a20352f333000334b68e1baa975206869e1bb87753a2042616e6720636875cc89206361cc81692062616e672062616e6720c4836e206d61cc8079000e5175e1bbb93a203733352e303030
02:35:03.028	IN	81	1	2	5136
02:35:03.028	OUT	122	0	37	7a080000040a0200184e6869e1bb876d2076e1bba52063e1bba7612062e1baa16e00000000
02:35:03.200	OUT	81	0	6	5167000055f0
02:35:05.992	IN	27	1	110	1b000005b2000000000b0000001800000060000000600000009400000060000000940000006b000000a10000006b000000a10000006c000000a20000006c000000a20000006d000000a30000006d000000a30000006e000000a40000006e000000a40000008f000000d30000008f
02:35:05.992	OUT	27	0	110	1b000005b2000000000b0000001800000060000000600000009400000060000000940000006b000000a10000006b000000a10000006c000000a20000006c000000a20000006d000000a30000006d000000a30000006e000000a40000006e000000a40000008f000000d30000008f
02:35:07.991	IN	27	1	142	1b000005b2000000000b00000020000000d30000008f000000f50000008f000000f500000090000000f600000090000000f600000091000000f700000091000000f7000000920000011f00000092000001250000009800000126000000980000012600000099000001280000009b00000128000000bf00000129000000bf00000129000000c00000016a000000c0
02:35:07.991	OUT	27	0	142	1b000005b2000000000b00000020000000d30000008f000000f50000008f000000f500000090000000f600000090000000f600000091000000f700000091000000f7000000920000011f00000092000001250000009800000126000000980000012600000099000001280000009b00000128000000bf00000129000000bf00000129000000c00000016a000000c0
02:35:09.992	IN	27	1	190	1b000005b2000000000b0000002c0000016a000000c000000202000000c000000205000000c300000206000000c300000206000000c400000207000000c400000207000000c500000208000000c500000208000000c600000209000000c600000209000000c70000020a000000c80000020b000000c80000020b000000c90000020c000000c90000020c000000ca0000020d000000ca0000020d000000cb0000020e000000cb0000020e000000cc0000020f000000cd0000021f000000cd
02:35:09.992	OUT	27	0	190	1b000005b2000000000b0000002c0000016a000000c000000202000000c000000205000000c300000206000000c300000206000000c400000207000000c400000207000000c500000208000000c500000208000000c600000209000000c600000209000000c70000020a000000c80000020b000000c80000020b000000c90000020c000000c90000020c000000ca0000020d000000ca0000020d000000cb0000020e000000cb0000020e000000cc0000020f000000cd0000021f000000cd
02:35:12.188	IN	27	1	46	1b000005b2030000000b000000080000021f000000cd0000021f000000b000000231000000b000000231000000a1
02:35:12.189	OUT	27	0	46	1b000005b2030000000b000000080000021f000000cd0000021f000000b000000231000000b000000231000000a1
02:35:13.888	IN	25	1	13	19000000130000000000000001
02:35:13.889	OUT	31	0	22	1f000005b200066b7a68643978000000000000000000
02:35:13.889	OUT	29	0	18	1d0000001300000000000000016800000168
02:35:13.890	OUT	34	0	432	2200ffffffe7ffffffe70000003200000032fffffffe00106e7063732f5469656e5f4e752e706e67000000010000018200000085000000060000000300264e68616e682074617920c491c3a16e68207175c3a16920c491e1bb9569207175c3a0206ec3a800355068e1baa3692033207468e1bb8f692076c3a06e67206de1bb9b6920c491e1bb956920c491c6b0e1bba36320c491c3b3206e68c3a900355068e1baa3692033207468e1bb8f692062e1baa163206de1bb9b6920c491e1bb956920c491c6b0e1bba36320c491c3b3206e68c3a900075449454e204e550100ffffffe7ffffffe70000003200000032fffffffd000e6e7063732f6172656e612e706e...
02:35:13.895	OUT	81	0	364	51160000000792783a14000f7065744672616d65332f362e706e67000c6b68e1bba76e67206c6f6e67000000010000004a000000550002000000c24f6371000f7065744672616d65332f362e706e67000c6b68e1bba76e67206c6f6e670000000100000076000001490002000000d7936c44000f7065744672616d65332f332e706e67000a67c3a02072e1bbab6e6700000001000000da000000890002000000ab84d16e000f7065744672616d65332f372e706e67000b74e1bb8120746869c3aa6e000000010000017a000001410002000000a54a32d6000f7065744672616d65332f322e706e67000c72e1bb936e6720637520746500000001000001a20000...
02:35:13.906	OUT	81	0	86	510801000005b200000001000f7065744672616d65332f312e706e6700315275612054657374202873616f64656e292873616f64656e292873616f64656e292873616f64656e292873616f64656e2900000002020000
02:35:13.910	OUT	81	0	18	51280000737d0000738c0000758100007581
02:35:13.911	OUT	81	0	31	515c0300000001000005b20011616e696d5f77696e67732f31352e706e6723
02:35:13.911	OUT	81	0	33	513d00000001000005b20015616e696d5f636861726163746572732f312e706e67
02:35:13.912	OUT	81	0	33	513d00000001000005b20015616e696d5f636861726163746572732f312e706e67
02:35:13.913	OUT	81	0	23	515b1700000001000005b2000a554e4954594755494c44
02:35:13.914	OUT	81	0	23	515b1700000001000005b2000a554e4954594755494c44
02:35:13.914	OUT	81	0	10	5104000005b200000000
02:35:13.915	OUT	81	0	10	5105000005b200000000
02:35:16.992	IN	81	1	6	5124fd6664a4
02:35:16.993	OUT	81	0	197	5124000061a7000061a8000005b200000001000f7065744672616d65332f312e706e67020000000972c3b96120626162790000000100000014000000140000001900000001000000010000737d000075810000738c0000758100fd6664a4fd6664a4000f7065744672616d65332f332e706e67020000000a67c3a02072e1bbab6e67000000010000066e000003ff00000337000003ff0200000065000c736f6e67206bc3ad636820310000006600166769e1baa36d2073c3a174207468c6b0c6a16e672031
02:35:16.999	OUT	81	0	35	5126000005b202000005b2010000000affffec787ffd6664a4010000000a000007d07f
02:35:17.000	OUT	81	0	61	512b000005b202000005b200000002000049d600002bb3000000fd6664a400000001000000470000004200000200000065000000320000006600000032
02:35:17.021	OUT	81	0	61	5125000005b2fd6664a4ffffffff000061a80100000001000005b2000000000000000000000000000000000000ffffffff000000000000000000000000
02:35:19.062	OUT	81	0	18	51280000737c0000738c0000758100007581
02:35:19.062	OUT	81	0	35	5126000005b202000005b2010000000affffec787ffd6664a4010000000a000007d07f
02:35:25.204	IN	81	1	2	5167
02:35:25.204	OUT	81	0	6	516700003e80
02:35:44.074	OUT	81	0	61	5125000005b2000005b200000019000061a80100000001fd6664a4000000000000000000000000000000000000ffffb679000000000000000000000000
02:35:44.077	OUT	81	0	18	51280000737c0000738c0000758100007581
02:35:44.078	OUT	81	0	35	5126000005b202000005b2010000000affffec787ffd6664a4010000000a000007d07f
02:35:44.079	OUT	81	0	6	515e00000014
02:35:44.079	OUT	81	0	34	5119000000140000000000018448000000000000c42c000000000000000000000000
02:35:44.080	OUT	81	0	18	516600000014000000000000000000000000
02:35:44.081	OUT	81	0	20	5110000005b2000005b200000000040000006400
02:35:44.082	OUT	81	0	6	5163000005b2
02:35:44.082	OUT	81	0	18	51280000737c0000738c0000758100007581
02:35:44.083	OUT	81	0	18	51280000737c0000738c0000758100007581
02:35:44.083	OUT	81	0	35	5126000005b202000005b2010000000affffec787ffd6664a4010000000a000007d07f
02:36:09.569	OUT	81	0	58	511600000001eee55305000f7065744672616d65332f362e706e67000c6b68e1bba76e67206c6f6e67000000010000011e000001590002000000
02:44:29.815	IN	-36	1	39	dc00000000040005312e352e300005756e69747900000140000000f0000276690005322e342e39
02:44:29.816	OUT	-36	0	2	dc01
02:44:29.826	IN	64	1	1	40
02:44:29.826	OUT	64	0	41	400000000100094c6f63616c686f737400093132372e302e302e3100004aec00004aec00004aec0101
02:46:48.107	IN	-36	1	39	dc00000000040005312e352e300005756e69747900000140000000f0000276690005322e342e39
02:46:48.108	OUT	-36	0	2	dc01
02:46:48.241	IN	64	1	1	40
02:46:48.241	OUT	64	0	41	400000000100094c6f63616c686f737400093132372e302e302e3100004aec00004aec00004aec0101
02:46:51.271	IN	1	1	39	010009676f706574746573740008616263313233343500000005312e352e300000000000000000
02:46:51.777	OUT	3	0	54	03000005b200066b7a6864397800066b7a68643978001b666538303a3a623666643a393465663a393136343a63313535253500004aec
02:46:51.778	OUT	121	0	6	790000001200
02:46:51.778	OUT	31	0	22	1f000005b200066b7a68643978000000000000000000
02:46:51.779	OUT	29	0	18	1d0000000b00000000000000006000000060
02:46:51.779	OUT	34	0	2208	2200ffffffe7ffffffe70000003200000032ffffffff00136e7063735c5c7472616e5f7472616e2e706e670000000100000176000000750000000600000002002c4e68e1baad6e20706574206d69e1bb856e207068c3ad2063686f206e67c6b0e1bb9d69206de1bb9b69203a2900224e68e1baad6e20706574206d69e1bb856e207068c3ad2074e1baa16920c491c3a27900095452414e204348414e0100ffffffe7ffffffe70000003200000032fffffff900166e7063732f6261635f73695f78695f74696e2e706e6700000001000001d6000001580000000600000001002242c3a1632073c4a9207468c3ba2079206dc3a1742074617920c491c3a2792028...
02:46:51.801	OUT	81	0	6	511600000000
02:46:51.801	OUT	81	0	86	510801000005b200000001000f7065744672616d65332f312e706e6700315275612054657374202873616f64656e292873616f64656e292873616f64656e292873616f64656e292873616f64656e2900000002020000
02:46:51.801	OUT	81	0	18	51280000737c0000738c0000758100007581
02:46:51.801	OUT	81	0	31	515c0300000001000005b20011616e696d5f77696e67732f31352e706e6723
02:46:51.802	OUT	81	0	33	513d00000001000005b20015616e696d5f636861726163746572732f312e706e67
02:46:51.802	OUT	81	0	33	513d00000001000005b20015616e696d5f636861726163746572732f312e706e67
02:46:51.802	OUT	81	0	23	515b1700000001000005b2000a554e4954594755494c44
02:46:51.802	OUT	81	0	23	515b1700000001000005b2000a554e4954594755494c44
02:46:51.802	OUT	81	0	10	5104000005b200000000
02:46:51.802	OUT	81	0	10	5105000005b200000000
02:46:51.803	OUT	81	0	6	515e00000014
02:46:51.803	OUT	81	0	34	5119000000140000000000018448000000000000c42c000000000000000000000000
02:46:51.803	OUT	81	0	18	516600000014000000000000000000000000
02:46:51.803	OUT	81	0	18	51280000737c0000738c0000758100007581
02:46:51.876	OUT	81	0	6	5167000055f0
02:46:51.888	IN	81	1	3	515b0e
02:46:51.888	OUT	81	0	157	515b0e0000006306001b54c3aa6e2062616e672068e1bb99693a20556e6974794775696c64000943e1baa5703a203136001242616e67206368e1bba73a206b7a6864397800125468c3a06e68207669c3aa6e3a20352f333000334b68e1baa975206869e1bb87753a2042616e6720636875cc89206361cc81692062616e672062616e6720c4836e206d61cc8079000e5175e1bbb93a203733352e303030
02:46:51.903	IN	81	1	2	5136
02:46:51.904	OUT	122	0	37	7a080000040a0200184e6869e1bb876d2076e1bba52063e1bba7612062e1baa16e00000000
02:46:54.488	IN	27	1	262	1b000005b2000000000b0000003e000000680000008700000069000000880000006a000000880000006a000000890000006d0000008c0000006e0000008c0000006e0000008d0000006f0000008e000000700000008e000000700000008f000000770000009600000078000000960000007800000097000000790000009700000079000000980000007a000000980000007a0000009900000084000000a300000085000000a300000085000000a400000088000000a700000089000000a700000089000000a80000008c000000ab0000008d000000ab0000008d000000ac0000009b000000ba0000009c000000ba0000009c000000bb000000ac000000cb0000...
02:46:54.489	OUT	27	0	262	1b000005b2000000000b0000003e000000680000008700000069000000880000006a000000880000006a000000890000006d0000008c0000006e0000008c0000006e0000008d0000006f0000008e000000700000008e000000700000008f000000770000009600000078000000960000007800000097000000790000009700000079000000980000007a000000980000007a0000009900000084000000a300000085000000a300000085000000a400000088000000a700000089000000a700000089000000a80000008c000000ab0000008d000000ab0000008d000000ac0000009b000000ba0000009c000000ba0000009c000000bb000000ac000000cb0000...
02:46:56.488	IN	27	1	262	1b000005b2000000000b0000003e00000134000000bc00000134000000bd00000135000000bd00000135000000be00000136000000be00000136000000bf00000139000000c20000013a000000c20000013a000000c30000013b000000c30000013b000000c40000013c000000c50000013d000000c50000013d000000c60000013e000000c70000013e000000e00000013f000000e00000013f000000e100000140000000e100000140000000e200000141000000e200000141000000e300000142000000e300000142000000e400000143000000e400000143000000e500000144000000e500000144000000e600000145000000e600000145000000e70000...
02:46:56.488	OUT	27	0	262	1b000005b2000000000b0000003e00000134000000bc00000134000000bd00000135000000bd00000135000000be00000136000000be00000136000000bf00000139000000c20000013a000000c20000013a000000c30000013b000000c30000013b000000c40000013c000000c50000013d000000c50000013d000000c60000013e000000c70000013e000000e00000013f000000e00000013f000000e100000140000000e100000140000000e200000141000000e200000141000000e300000142000000e300000142000000e400000143000000e400000143000000e500000144000000e500000144000000e600000145000000e600000145000000e70000...
02:46:58.489	IN	27	1	262	1b000005b2000000000b0000003e000001fc000000cd000001fc000000cc000001fd000000cc000001fd000000cb000001fe000000cb000001fe000000ca000001ff000000ca000001ff000000c900000200000000c900000200000000c800000201000000c800000201000000c700000202000000c700000202000000c600000203000000c600000203000000c500000204000000c500000204000000c400000205000000c400000205000000c300000206000000c300000206000000c200000207000000c200000207000000c100000208000000c100000208000000c000000209000000c000000209000000bf0000020a000000bf0000020a000000be0000...
02:46:58.490	OUT	27	0	262	1b000005b2000000000b0000003e000001fc000000cd000001fc000000cc000001fd000000cc000001fd000000cb000001fe000000cb000001fe000000ca000001ff000000ca000001ff000000c900000200000000c900000200000000c800000201000000c800000201000000c700000202000000c700000202000000c600000203000000c600000203000000c500000204000000c500000204000000c400000205000000c400000205000000c300000206000000c300000206000000c200000207000000c200000207000000c100000208000000c100000208000000c000000209000000c000000209000000bf0000020a000000bf0000020a000000be0000...
02:47:00.615	IN	27	1	38	1b000005b2030000000b0000000600000210000000be00000234000000be00000234000000a4
02:47:00.615	OUT	27	0	38	1b000005b2030000000b0000000600000210000000be00000234000000be00000234000000a4
02:47:01.118	IN	25	1	13	19000000130000000000000001
02:47:01.118	OUT	31	0	22	1f000005b200066b7a68643978000000000000000000
02:47:01.118	OUT	29	0	18	1d0000001300000000000000016800000168
02:47:01.119	OUT	34	0	432	2200ffffffe7ffffffe70000003200000032fffffffe00106e7063732f5469656e5f4e752e706e67000000010000018200000085000000060000000300264e68616e682074617920c491c3a16e68207175c3a16920c491e1bb9569207175c3a0206ec3a800355068e1baa3692033207468e1bb8f692076c3a06e67206de1bb9b6920c491e1bb956920c491c6b0e1bba36320c491c3b3206e68c3a900355068e1baa3692033207468e1bb8f692062e1baa163206de1bb9b6920c491e1bb956920c491c6b0e1bba36320c491c3b3206e68c3a900075449454e204e550100ffffffe7ffffffe70000003200000032fffffffd000e6e7063732f6172656e612e706e...
02:47:01.129	OUT	81	0	366	51160000000792783a14000f7065744672616d65332f362e706e67000c6b68e1bba76e67206c6f6e67000000010000004a000000550002000000c24f6371000f7065744672616d65332f362e706e67000c6b68e1bba76e67206c6f6e670000000100000076000001490002000000d7936c44000f7065744672616d65332f332e706e67000a67c3a02072e1bbab6e6700000001000000da000000890002000000ab84d16e000f7065744672616d65332f372e706e67000b74e1bb8120746869c3aa6e000000010000017a000001410002000000a54a32d6000f7065744672616d65332f322e706e67000c72e1bb936e6720637520746500000001000001a20000...
02:47:01.136	OUT	81	0	86	510801000005b200000001000f7065744672616d65332f312e706e6700315275612054657374202873616f64656e292873616f64656e292873616f64656e292873616f64656e292873616f64656e2900000002020000
02:47:01.139	OUT	81	0	18	51280000737c0000738c0000758100007581
02:47:01.139	OUT	81	0	31	515c0300000001000005b20011616e696d5f77696e67732f31352e706e6723
02:47:01.140	OUT	81	0	33	513d00000001000005b20015616e696d5f636861726163746572732f312e706e67
02:47:01.142	OUT	81	0	33	513d00000001000005b20015616e696d5f636861726163746572732f312e706e67
02:47:01.143	OUT	81	0	23	515b1700000001000005b2000a554e4954594755494c44
02:47:01.144	OUT	81	0	23	515b1700000001000005b2000a554e4954594755494c44
02:47:01.145	OUT	81	0	10	5104000005b200000000
02:47:01.145	OUT	81	0	10	5105000005b200000000
02:47:04.494	IN	27	1	30	1b000005b201000000130000000400000167000001680000013400000168
02:47:04.495	OUT	27	0	30	1b000005b201000000130000000400000167000001680000013400000168
02:47:04.886	IN	81	1	6	5124eee55305
02:47:04.886	OUT	81	0	199	5124000061a8000061a8000005b200000001000f7065744672616d65332f312e706e67020000000972c3b96120626162790000000100000014000000140000001900000001000000010000737c000075810000738c0000758100eee55305eee55305000f7065744672616d65332f362e706e67020000000c6b68e1bba76e67206c6f6e67000000010000066e000003ff00000337000003ff0200000065000c736f6e67206bc3ad636820310000006600166769e1baa36d2073c3a174207468c6b0c6a16e672031
02:47:04.891	OUT	81	0	35	5126000005b202000005b2010000000a00000bb87feee55305010000000affffec787f
02:47:04.892	OUT	81	0	61	512b000005b202000005b200000002000049d600002bb3000000eee5530500000001000000470000004200000200000065000000320000006600000032
02:47:05.098	OUT	81	0	61	5125000005b2eee55305ffffffff000061a80100000001000005b2000000000000000000000000000000000000ffffffff000000000000000000000000
02:47:07.141	OUT	81	0	18	51280000737b0000738c0000758100007581
02:47:07.141	OUT	81	0	35	5126000005b202000005b2010000000a00000bb87feee55305010000000affffec787f
02:47:13.939	IN	81	1	2	5167
02:47:14.238	OUT	81	0	6	516700005208
02:47:32.578	OUT	81	0	61	5125000005b2000005b200000019000061a80100000001eee55305000000000000000000000000000000000000ffffb66c000000000000000000000000
02:47:32.580	OUT	81	0	18	51280000737b0000738c0000758100007581
02:47:32.581	OUT	81	0	35	5126000005b202000005b2010000000a00000bb87feee55305010000000affffec787f
02:47:32.582	OUT	81	0	6	515e00000014
02:47:32.582	OUT	81	0	34	5119000000140000000000018448000000000000c430000000000000000000000000
02:47:32.583	OUT	81	0	18	516600000014000000000000000000000000
02:47:32.584	OUT	81	0	20	5110000005b2000005b200000000040000006400
02:47:32.584	OUT	81	0	6	5163000005b2
02:47:32.585	OUT	81	0	18	51280000737b0000738c0000758100007581
02:47:32.585	OUT	81	0	18	51280000737b0000738c0000758100007581
02:47:32.586	OUT	81	0	35	5126000005b202000005b2010000000a00000bb87feee55305010000000affffec787f
02:47:57.585	OUT	81	0	58	511600000001c109b2c9000f7065744672616d65332f322e706e67000c72e1bb936e67206375207465000000010000011e000001590002000000
02:50:29.693	IN	-36	1	39	dc00000000040005312e352e300005756e69747900000140000000f0000276690005322e342e39
02:50:29.694	OUT	-36	0	2	dc01
02:50:29.705	IN	64	1	1	40
02:50:29.705	OUT	64	0	41	400000000100094c6f63616c686f737400093132372e302e302e3100004aec00004aec00004aec0101
02:55:30.100	IN	-36	1	39	dc00000000040005312e352e300005756e69747900000140000000f0000276690005322e342e39
02:55:30.101	OUT	-36	0	2	dc01
02:55:30.217	IN	64	1	1	40
02:55:30.217	OUT	64	0	41	400000000100094c6f63616c686f737400093132372e302e302e3100004aec00004aec00004aec0101
02:55:33.333	IN	1	1	39	010009676f706574746573740008616263313233343500000005312e352e300000000000000000
02:55:33.801	OUT	3	0	54	03000005b200066b7a6864397800066b7a68643978001b666538303a3a623666643a393465663a393136343a63313535253500004aec
02:55:33.801	OUT	121	0	6	790000001200
02:55:33.802	OUT	31	0	22	1f000005b200066b7a68643978000000000000000000
02:55:33.802	OUT	29	0	18	1d0000000b00000000000000006000000060
02:55:33.802	OUT	34	0	2208	2200ffffffe7ffffffe70000003200000032ffffffff00136e7063735c5c7472616e5f7472616e2e706e670000000100000176000000750000000600000002002c4e68e1baad6e20706574206d69e1bb856e207068c3ad2063686f206e67c6b0e1bb9d69206de1bb9b69203a2900224e68e1baad6e20706574206d69e1bb856e207068c3ad2074e1baa16920c491c3a27900095452414e204348414e0100ffffffe7ffffffe70000003200000032fffffff900166e7063732f6261635f73695f78695f74696e2e706e6700000001000001d6000001580000000600000001002242c3a1632073c4a9207468c3ba2079206dc3a1742074617920c491c3a2792028...
02:55:33.856	OUT	81	0	6	511600000000
02:55:33.856	OUT	81	0	86	510801000005b200000001000f7065744672616d65332f312e706e6700315275612054657374202873616f64656e292873616f64656e292873616f64656e292873616f64656e292873616f64656e2900000002020000
02:55:33.858	OUT	81	0	18	51280000737b0000738c0000758100007581
02:55:33.858	OUT	81	0	31	515c0300000001000005b20011616e696d5f77696e67732f31352e706e6723
02:55:33.859	OUT	81	0	33	513d00000001000005b20015616e696d5f636861726163746572732f312e706e67
02:55:33.859	OUT	81	0	33	513d00000001000005b20015616e696d5f636861726163746572732f312e706e67
02:55:33.860	OUT	81	0	23	515b1700000001000005b2000a554e4954594755494c44
02:55:33.861	OUT	81	0	23	515b1700000001000005b2000a554e4954594755494c44
02:55:33.861	OUT	81	0	10	5104000005b200000000
02:55:33.861	OUT	81	0	10	5105000005b200000000
02:55:33.862	OUT	81	0	6	515e00000014
02:55:33.862	OUT	81	0	34	5119000000140000000000018448000000000000c430000000000000000000000000
02:55:33.862	OUT	81	0	18	516600000014000000000000000000000000
02:55:33.863	OUT	81	0	18	51280000737b0000738c0000758100007581
02:55:33.863	OUT	81	0	6	516700005208
02:55:33.909	IN	81	1	3	515b0e
02:55:33.910	OUT	81	0	157	515b0e0000006306001b54c3aa6e2062616e672068e1bb99693a20556e6974794775696c64000943e1baa5703a203136001242616e67206368e1bba73a206b7a6864397800125468c3a06e68207669c3aa6e3a20352f333000334b68e1baa975206869e1bb87753a2042616e6720636875cc89206361cc81692062616e672062616e6720c4836e206d61cc8079000e5175e1bbb93a203733352e303030
02:55:33.926	IN	81	1	2	5136
02:55:33.926	OUT	122	0	37	7a080000040a0200184e6869e1bb876d2076e1bba52063e1bba7612062e1baa16e00000000
02:55:37.096	IN	27	1	38	1b000005b2000000000b00000006000000600000006000000060000000b40000003a000000b4
02:55:37.096	OUT	27	0	38	1b000005b2000000000b00000006000000600000006000000060000000b40000003a000000b4
02:55:39.096	IN	27	1	30	1b000005b2000000000b000000040000003a000000b4000000fa000000b4
02:55:39.097	OUT	27	0	30	1b000005b2000000000b000000040000003a000000b4000000fa000000b4
02:55:41.097	IN	27	1	30	1b000005b2000000000b00000004000000fa000000b4000001ba000000b4
02:55:41.097	OUT	27	0	30	1b000005b2000000000b00000004000000fa000000b4000001ba000000b4
02:55:43.097	IN	27	1	262	1b000005b2030000000b0000003e000001eb000000c4000001ec000000c4000001ec000000c3000001ee000000c1000001ef000000c1000001ef000000c0000001f0000000c0000001f0000000bf000001f1000000bf000001f1000000be000001f4000000bb000001f5000000bb000001f5000000ba000001f6000000ba000001f6000000b9000001f9000000b6000001fa000000b6000001fa000000b5000001fb000000b5000001fb000000b4000001fd000000b200000218000000b200000218000000b300000219000000b300000219000000b40000021a000000b40000021a000000b50000021b000000b50000021b000000b60000021c000000b60000...
02:55:43.097	OUT	27	0	262	1b000005b2030000000b0000003e000001eb000000c4000001ec000000c4000001ec000000c3000001ee000000c1000001ef000000c1000001ef000000c0000001f0000000c0000001f0000000bf000001f1000000bf000001f1000000be000001f4000000bb000001f5000000bb000001f5000000ba000001f6000000ba000001f6000000b9000001f9000000b6000001fa000000b6000001fa000000b5000001fb000000b5000001fb000000b4000001fd000000b200000218000000b200000218000000b300000219000000b300000219000000b40000021a000000b40000021a000000b50000021b000000b50000021b000000b60000021c000000b60000...
02:55:45.101	IN	27	1	62	1b000005b2030000000b0000000c0000021c000000bc0000021c000000b700000237000000b700000237000000c900000225000000c900000225000000b8
02:55:45.101	OUT	27	0	62	1b000005b2030000000b0000000c0000021c000000bc0000021c000000b700000237000000b700000237000000c900000225000000c900000225000000b8
02:55:47.316	IN	27	1	30	1b000005b2030000000b0000000400000225000000b700000225000000ab
02:55:47.316	OUT	27	0	30	1b000005b2030000000b0000000400000225000000b700000225000000ab
02:55:48.999	IN	25	1	13	19000000130000000000000001
02:55:48.999	OUT	31	0	22	1f000005b200066b7a68643978000000000000000000
02:55:49.000	OUT	29	0	18	1d0000001300000000000000016800000168
02:55:49.001	OUT	34	0	432	2200ffffffe7ffffffe70000003200000032fffffffe00106e7063732f5469656e5f4e752e706e67000000010000018200000085000000060000000300264e68616e682074617920c491c3a16e68207175c3a16920c491e1bb9569207175c3a0206ec3a800355068e1baa3692033207468e1bb8f692076c3a06e67206de1bb9b6920c491e1bb956920c491c6b0e1bba36320c491c3b3206e68c3a900355068e1baa3692033207468e1bb8f692062e1baa163206de1bb9b6920c491e1bb956920c491c6b0e1bba36320c491c3b3206e68c3a900075449454e204e550100ffffffe7ffffffe70000003200000032fffffffd000e6e7063732f6172656e612e706e...
02:55:49.008	OUT	81	0	366	51160000000792783a14000f7065744672616d65332f362e706e67000c6b68e1bba76e67206c6f6e67000000010000004a000000550002000000c24f6371000f7065744672616d65332f362e706e67000c6b68e1bba76e67206c6f6e670000000100000076000001490002000000d7936c44000f7065744672616d65332f332e706e67000a67c3a02072e1bbab6e6700000001000000da000000890002000000ab84d16e000f7065744672616d65332f372e706e67000b74e1bb8120746869c3aa6e000000010000017a000001410002000000a54a32d6000f7065744672616d65332f322e706e67000c72e1bb936e6720637520746500000001000001a20000...
02:55:49.018	OUT	81	0	86	510801000005b200000001000f7065744672616d65332f312e706e6700315275612054657374202873616f64656e292873616f64656e292873616f64656e292873616f64656e292873616f64656e2900000002020000
02:55:49.021	OUT	81	0	18	51280000737b0000738c0000758100007581
02:55:49.021	OUT	81	0	31	515c0300000001000005b20011616e696d5f77696e67732f31352e706e6723
02:55:49.023	OUT	81	0	33	513d00000001000005b20015616e696d5f636861726163746572732f312e706e67
02:55:49.024	OUT	81	0	33	513d00000001000005b20015616e696d5f636861726163746572732f312e706e67
02:55:49.025	OUT	81	0	23	515b1700000001000005b2000a554e4954594755494c44
02:55:49.026	OUT	81	0	23	515b1700000001000005b2000a554e4954594755494c44
02:55:49.027	OUT	81	0	10	5104000005b200000000
02:55:49.028	OUT	81	0	10	5105000005b200000000
02:55:52.299	IN	27	1	262	1b000005b202000000130000003e0000013c000001530000013c000001520000013b000001520000013b000001510000013a000001510000013a00000150000001390000014f000001380000014f000001380000014e000001360000014c000001350000014c000001350000014b000001340000014b000001340000014a000001330000014a00000133000001490000013200000149000001320000014800000131000001480000013100000147000001300000014700000130000001460000012f000001460000012f000001450000012e000001440000011d0000014400000119000001480000011900000149000001180000014900000110000001510000...
02:55:52.299	OUT	27	0	262	1b000005b202000000130000003e0000013c000001530000013c000001520000013b000001520000013b000001510000013a000001510000013a00000150000001390000014f000001380000014f000001380000014e000001360000014c000001350000014c000001350000014b000001340000014b000001340000014a000001330000014a00000133000001490000013200000149000001320000014800000131000001480000013100000147000001300000014700000130000001460000012f000001460000012f000001450000012e000001440000011d0000014400000119000001480000011900000149000001180000014900000110000001510000...
02:55:54.961	IN	81	1	2	5167
02:55:55.217	IN	81	1	6	5124d362b954
02:55:55.217	OUT	81	0	189	5124000061a8000061a8000005b200000001000f7065744672616d65332f312e706e67020000000972c3b96120626162790000000100000014000000140000001900000001000000010000737b000075810000738c0000758100d362b954d362b954000f7065744672616d65332f372e706e67020000000b74e1bb8120746869c3aa6e0000000200000994000005f6000004ca000005f6020000006b000d68e1baa120c491e1bb996320310000006c000c68e1baa1207468e1bba72031
02:55:55.225	OUT	81	0	35	5126000005b202000005b2010000000a000000007fd362b954010000000a000000007f
02:55:55.226	OUT	81	0	61	512b000005b202000005b200000002000049d600002bb3000000d362b9540000000200000069000000640000020000006b0000003c0000006c0000003c
02:55:55.251	OUT	81	0	6	516700004e20
02:55:55.251	OUT	81	0	61	5125000005b2d362b954ffffffff000061a80100000001000005b2000000000000000000000000000000000000ffffffff000000000000000000000000
02:55:57.301	OUT	81	0	18	51280000737a0000738c0000758100007581
02:55:57.301	OUT	81	0	35	5126000005b202000005b2010000000a000000007fd362b954010000000a000000007f
02:56:15.280	IN	81	1	2	5167
02:56:15.667	OUT	81	0	6	516700007148
02:56:22.306	OUT	81	0	61	5125000005b2000005b200000019000061a80100000001d362b954000000000000000000000000000000000000ffffb68e000000000000000000000000
02:56:22.309	OUT	81	0	18	51280000737a0000738c0000758100007581
02:56:22.314	OUT	81	0	35	5126000005b202000005b2010000000a000000007fd362b954010000000a000000007f
02:56:22.318	OUT	81	0	6	515e00000014
02:56:22.319	OUT	81	0	34	5119000000140000000000018448000000000000c438000000000000000000000000
02:56:22.324	OUT	81	0	18	516600000014000000000000000000000000
02:56:22.325	OUT	81	0	20	5110000005b2000005b200000000080000009600
02:56:22.327	OUT	81	0	6	5163000005b2
02:56:22.327	OUT	81	0	18	51280000737a0000738c0000758100007581
02:56:22.330	OUT	81	0	18	51280000737a0000738c0000758100007581
02:56:22.332	OUT	81	0	35	5126000005b202000005b2010000000a000000007fd362b954010000000a000000007f
02:56:24.536	IN	81	1	6	5124ab84d16e
02:56:24.537	OUT	81	0	189	5124000061a7000061a8000005b200000001000f7065744672616d65332f312e706e67020000000972c3b96120626162790000000100000014000000140000001900000001000000010000737a000075810000738c0000758100ab84d16eab84d16e000f7065744672616d65332f372e706e67020000000b74e1bb8120746869c3aa6e000000010000066e000003ff00000337000003ff020000006b000d68e1baa120c491e1bb996320310000006c000c68e1baa1207468e1bba72031
02:56:24.542	OUT	81	0	35	5126000005b202000005b2010000000a000000007fab84d16e010000000a000000007f
02:56:24.544	OUT	81	0	61	512b000005b202000005b200000002000049d600002bb3000000ab84d16e0000000100000047000000420000020000006b0000003c0000006c0000003c
02:56:24.836	OUT	81	0	61	5125000005b2ab84d16effffffff000061a80100000001000005b2000000000000000000000000000000000000ffffffff000000000000000000000000
02:56:26.866	OUT	81	0	18	5128000073790000738c0000758100007581
02:56:26.867	OUT	81	0	35	5126000005b202000005b2010000000a000000007fab84d16e010000000a000000007f
02:56:47.727	OUT	81	0	58	511600000001aebdde82000f7065744672616d65332f322e706e67000c72e1bb936e6720637520746500000001000000be000001610002000000
02:56:52.305	OUT	81	0	61	5125000005b2000005b200000019000061a80100000001ab84d16e000000000000000000000000000000000000ffffb66c000000000000000000000000
02:56:52.306	OUT	81	0	18	5128000073790000738c0000758100007581
02:56:52.306	OUT	81	0	35	5126000005b202000005b2010000000a000000007fab84d16e010000000a000000007f
02:56:52.307	OUT	81	0	6	515e00000014
02:56:52.307	OUT	81	0	34	5119000000140000000000018448000000000000c43c000000000000000000000000
02:56:52.308	OUT	81	0	18	516600000014000000000000000000000000
02:56:52.308	OUT	81	0	20	5110000005b2000005b200000000040000006400
02:56:52.309	OUT	81	0	6	5163000005b2
02:56:52.309	OUT	81	0	18	5128000073790000738c0000758100007581
02:56:52.309	OUT	81	0	18	5128000073790000738c0000758100007581
02:56:52.310	OUT	81	0	35	5126000005b202000005b2010000000a000000007fab84d16e010000000a000000007f
02:57:17.798	OUT	81	0	57	511600000001f588d297000f7065744672616d65332f372e706e67000b74e1bb8120746869c3aa6e000000010000017a000001410002000000
02:58:16.002	IN	-36	1	39	dc00000000040005312e352e300005756e69747900000140000000f0000276690005322e342e39
02:58:16.002	OUT	-36	0	2	dc01
02:58:16.013	IN	64	1	1	40
02:58:16.013	OUT	64	0	41	400000000100094c6f63616c686f737400093132372e302e302e3100004aec00004aec00004aec0101
03:03:39.696	IN	-36	1	39	dc00000000040005312e352e300005756e69747900000140000000f0000276690005322e342e39
03:03:39.697	OUT	-36	0	2	dc01
03:03:39.898	IN	64	1	1	40
03:03:39.898	OUT	64	0	41	400000000100094c6f63616c686f737400093132372e302e302e3100004aec00004aec00004aec0101
03:03:57.543	IN	1	1	39	010009676f706574746573740008616263313233343500000005312e352e300000000000000000
03:03:58.037	OUT	3	0	54	03000005b200066b7a6864397800066b7a68643978001b666538303a3a623666643a393465663a393136343a63313535253500004aec
03:03:58.038	OUT	121	0	6	790000001200
03:03:58.038	OUT	31	0	22	1f000005b200066b7a68643978000000000000000000
03:03:58.039	OUT	29	0	18	1d0000000b00000000000000006000000060
03:03:58.039	OUT	34	0	2208	2200ffffffe7ffffffe70000003200000032ffffffff00136e7063735c5c7472616e5f7472616e2e706e670000000100000176000000750000000600000002002c4e68e1baad6e20706574206d69e1bb856e207068c3ad2063686f206e67c6b0e1bb9d69206de1bb9b69203a2900224e68e1baad6e20706574206d69e1bb856e207068c3ad2074e1baa16920c491c3a27900095452414e204348414e0100ffffffe7ffffffe70000003200000032fffffff900166e7063732f6261635f73695f78695f74696e2e706e6700000001000001d6000001580000000600000001002242c3a1632073c4a9207468c3ba2079206dc3a1742074617920c491c3a2792028...
03:03:58.092	OUT	81	0	6	511600000000
03:03:58.093	OUT	81	0	86	510801000005b200000001000f7065744672616d65332f312e706e6700315275612054657374202873616f64656e292873616f64656e292873616f64656e292873616f64656e292873616f64656e2900000002020000
03:03:58.094	OUT	81	0	18	5128000073790000738c0000758100007581
03:03:58.095	OUT	81	0	31	515c0300000001000005b20011616e696d5f77696e67732f31352e706e6723
03:03:58.095	OUT	81	0	33	513d00000001000005b20015616e696d5f636861726163746572732f312e706e67
03:03:58.096	OUT	81	0	33	513d00000001000005b20015616e696d5f636861726163746572732f312e706e67
03:03:58.097	OUT	81	0	23	515b1700000001000005b2000a554e4954594755494c44
03:03:58.097	OUT	81	0	23	515b1700000001000005b2000a554e4954594755494c44
03:03:58.098	OUT	81	0	10	5104000005b200000000
03:03:58.098	OUT	81	0	10	5105000005b200000000
03:03:58.098	OUT	81	0	6	515e00000014
03:03:58.098	OUT	81	0	34	5119000000140000000000018448000000000000c43c000000000000000000000000
03:03:58.099	OUT	81	0	18	516600000014000000000000000000000000
03:03:58.099	OUT	81	0	18	5128000073790000738c0000758100007581
03:03:58.143	IN	81	1	3	515b0e
03:03:58.144	OUT	81	0	157	515b0e0000006306001b54c3aa6e2062616e672068e1bb99693a20556e6974794775696c64000943e1baa5703a203136001242616e67206368e1bba73a206b7a6864397800125468c3a06e68207669c3aa6e3a20352f333000334b68e1baa975206869e1bb87753a2042616e6720636875cc89206361cc81692062616e672062616e6720c4836e206d61cc8079000e5175e1bbb93a203733352e303030
03:03:58.160	IN	81	1	2	5136
03:03:58.160	OUT	122	0	37	7a080000040a0200184e6869e1bb876d2076e1bba52063e1bba7612062e1baa16e00000000
03:03:58.495	OUT	81	0	6	516700005dc0
03:04:01.445	IN	27	1	262	1b000005b2000000000b0000003e00000063000000810000006300000082000000640000008200000064000000830000006500000083000000650000008400000066000000840000006600000085000000670000008500000067000000860000006800000086000000680000008700000069000000870000006900000088000000bf00000088000000c10000008a000000c20000008a000000c20000008b000000c30000008c000000c40000008c000000c40000008d000000ce00000097000000cf00000097000000cf00000098000000d000000099000000d100000099000000d10000009a000000d30000009c000000d3000000ad000000d5000000af0000...
03:04:01.445	OUT	27	0	262	1b000005b2000000000b0000003e00000063000000810000006300000082000000640000008200000064000000830000006500000083000000650000008400000066000000840000006600000085000000670000008500000067000000860000006800000086000000680000008700000069000000870000006900000088000000bf00000088000000c10000008a000000c20000008a000000c20000008b000000c30000008c000000c40000008c000000c40000008d000000ce00000097000000cf00000097000000cf00000098000000d000000099000000d100000099000000d10000009a000000d30000009c000000d3000000ad000000d5000000af0000...
03:04:03.443	IN	27	1	30	1b000005b2000000000b00000004000000e4000000af000001a4000000af
03:04:03.443	OUT	27	0	30	1b000005b2000000000b00000004000000e4000000af000001a4000000af
03:04:05.445	IN	27	1	166	1b000005b2000000000b00000026000001a4000000af000001c4000000af000001c4000000b0000001c5000000b0000001c7000000b2000001c7000000b3000001c8000000b3000001c8000000b4000001c9000000b4000001cb000000b6000001cb000000b7000001cc000000b7000001cd000000b8000001cd000000b9000001ce000000b9000001ce000000c500000214000000c500000214000000b700000219000000b7
03:04:05.446	OUT	27	0	166	1b000005b2000000000b00000026000001a4000000af000001c4000000af000001c4000000b0000001c5000000b0000001c7000000b2000001c7000000b3000001c8000000b3000001c8000000b4000001c9000000b4000001cb000000b6000001cb000000b7000001cc000000b7000001cd000000b8000001cd000000b9000001ce000000b9000001ce000000c500000214000000c500000214000000b700000219000000b7
03:04:07.446	IN	27	1	38	1b000005b2030000000b0000000600000219000000b700000229000000b700000229000000a9
03:04:07.446	OUT	27	0	38	1b000005b2030000000b0000000600000219000000b700000229000000b700000229000000a9
03:04:07.849	IN	25	1	13	19000000130000000000000001
03:04:07.849	OUT	31	0	22	1f000005b200066b7a68643978000000000000000000
03:04:07.850	OUT	29	0	18	1d0000001300000000000000016800000168
03:04:07.851	OUT	34	0	432	2200ffffffe7ffffffe70000003200000032fffffffe00106e7063732f5469656e5f4e752e706e67000000010000018200000085000000060000000300264e68616e682074617920c491c3a16e68207175c3a16920c491e1bb9569207175c3a0206ec3a800355068e1baa3692033207468e1bb8f692076c3a06e67206de1bb9b6920c491e1bb956920c491c6b0e1bba36320c491c3b3206e68c3a900355068e1baa3692033207468e1bb8f692062e1baa163206de1bb9b6920c491e1bb956920c491c6b0e1bba36320c491c3b3206e68c3a900075449454e204e550100ffffffe7ffffffe70000003200000032fffffffd000e6e7063732f6172656e612e706e...
03:04:07.865	OUT	81	0	367	51160000000792783a14000f7065744672616d65332f362e706e67000c6b68e1bba76e67206c6f6e67000000010000004a000000550002000000c24f6371000f7065744672616d65332f362e706e67000c6b68e1bba76e67206c6f6e670000000100000076000001490002000000d7936c44000f7065744672616d65332f332e706e67000a67c3a02072e1bbab6e6700000001000000da000000890002000000a54a32d6000f7065744672616d65332f322e706e67000c72e1bb936e6720637520746500000001000001a2000000f90002000000c109b2c9000f7065744672616d65332f322e706e67000c72e1bb936e67206375207465000000010000011e00...
03:04:07.877	OUT	81	0	86	510801000005b200000001000f7065744672616d65332f312e706e6700315275612054657374202873616f64656e292873616f64656e292873616f64656e292873616f64656e292873616f64656e2900000002020000
03:04:07.880	OUT	81	0	18	5128000073790000738c0000758100007581
03:04:07.881	OUT	81	0	31	515c0300000001000005b20011616e696d5f77696e67732f31352e706e6723
03:04:07.882	OUT	81	0	33	513d00000001000005b20015616e696d5f636861726163746572732f312e706e67
03:04:07.883	OUT	81	0	33	513d00000001000005b20015616e696d5f636861726163746572732f312e706e67
03:04:07.884	OUT	81	0	23	515b1700000001000005b2000a554e4954594755494c44
03:04:07.885	OUT	81	0	23	515b1700000001000005b2000a554e4954594755494c44
03:04:07.886	OUT	81	0	10	5104000005b200000000
03:04:07.886	OUT	81	0	10	5105000005b200000000
03:04:11.055	IN	27	1	54	1b000005b202000000130000000a00000167000001680000014a00000168000001300000014e000000f90000014e000000f900000169
03:04:11.055	OUT	27	0	54	1b000005b202000000130000000a00000167000001680000014a00000168000001300000014e000000f90000014e000000f900000169
03:04:11.869	IN	81	1	6	5124c109b2c9
03:04:11.869	OUT	81	0	185	5124000061a8000061a8000005b200000001000f7065744672616d65332f312e706e67020000000972c3b961206261627900000001000000140000001400000019000000010000000100007379000075810000738c0000758100c109b2c9c109b2c9000f7065744672616d65332f322e706e67020000000c72e1bb936e67206375207465000000010000066e000003ff00000337000003ff0200000068000862c4836e6720203100000069000c73e1baa56d2073c3a9742031
03:04:11.877	OUT	81	0	35	5126000005b202000005b2010000000affffec787fc109b2c9010000000a000007d07f
03:04:11.878	OUT	81	0	61	512b000005b202000005b200000002000049d600002bb3000000c109b2c9000000010000004700000042000002000000680000003c000000690000003c
03:04:12.338	OUT	81	0	61	5125000005b2c109b2c9ffffffff000061a80100000001000005b2000000000000000000000000000000000000ffffffff000000000000000000000000
03:04:14.396	OUT	81	0	18	5128000073780000738c0000758100007581
03:04:14.397	OUT	81	0	35	5126000005b202000005b2010000000affffec787fc109b2c9010000000a000007d07f
03:04:22.500	IN	81	1	2	5167
03:04:22.592	OUT	81	0	6	516700004268
03:04:39.399	OUT	81	0	61	5125000005b2000005b200000019000061a80100000001c109b2c9000000000000000000000000000000000000ffffb679000000000000000000000000
03:04:39.401	OUT	81	0	18	5128000073780000738c0000758100007581
03:04:39.401	OUT	81	0	35	5126000005b202000005b2010000000affffec787fc109b2c9010000000a000007d07f
03:04:39.402	OUT	81	0	6	515e00000014
03:04:39.403	OUT	81	0	34	5119000000140000000000018448000000000000c440000000000000000000000000
03:04:39.404	OUT	81	0	18	516600000014000000000000000000000000
03:04:39.404	OUT	81	0	20	5110000005b2000005b200000000040000006400
03:04:39.405	OUT	81	0	6	5163000005b2
03:04:39.405	OUT	81	0	18	5128000073780000738c0000758100007581
03:04:39.406	OUT	81	0	18	5128000073780000738c0000758100007581
03:04:39.406	OUT	81	0	35	5126000005b202000005b2010000000affffec787fc109b2c9010000000a000007d07f
03:05:04.474	OUT	81	0	58	511600000001e204f6dc000f7065744672616d65332f322e706e67000c72e1bb936e67206375207465000000010000011e000001590002000000
03:05:59.637	IN	-36	1	39	dc00000000040005312e352e300005756e69747900000140000000f0000276690005322e342e39
03:05:59.637	OUT	-36	0	2	dc01
03:05:59.652	IN	64	1	1	40
03:05:59.652	OUT	64	0	41	400000000100094c6f63616c686f737400093132372e302e302e3100004aec00004aec00004aec0101
03:10:26.809	IN	-36	1	39	dc00000000040005312e352e300005756e69747900000140000000f0000276690005322e342e39
03:10:26.809	OUT	-36	0	2	dc01
03:10:26.940	IN	64	1	1	40
03:10:26.940	OUT	64	0	41	400000000100094c6f63616c686f737400093132372e302e302e3100004aec00004aec00004aec0101
03:10:29.815	IN	1	1	39	010009676f706574746573740008616263313233343500000005312e352e300000000000000000
03:10:30.659	OUT	3	0	54	03000005b200066b7a6864397800066b7a68643978001b666538303a3a623666643a393465663a393136343a63313535253500004aec
03:10:30.661	OUT	121	0	6	790000001200
03:10:30.662	OUT	31	0	22	1f000005b200066b7a68643978000000000000000000
03:10:30.663	OUT	29	0	18	1d0000000b00000000000000006000000060
03:10:30.664	OUT	34	0	2208	2200ffffffe7ffffffe70000003200000032ffffffff00136e7063735c5c7472616e5f7472616e2e706e670000000100000176000000750000000600000002002c4e68e1baad6e20706574206d69e1bb856e207068c3ad2063686f206e67c6b0e1bb9d69206de1bb9b69203a2900224e68e1baad6e20706574206d69e1bb856e207068c3ad2074e1baa16920c491c3a27900095452414e204348414e0100ffffffe7ffffffe70000003200000032fffffff900166e7063732f6261635f73695f78695f74696e2e706e6700000001000001d6000001580000000600000001002242c3a1632073c4a9207468c3ba2079206dc3a1742074617920c491c3a2792028...
03:10:30.769	OUT	81	0	6	511600000000
03:10:30.770	OUT	81	0	86	510801000005b200000001000f7065744672616d65332f312e706e6700315275612054657374202873616f64656e292873616f64656e292873616f64656e292873616f64656e292873616f64656e2900000002020000
03:10:30.779	OUT	81	0	18	5128000073780000738c0000758100007581
03:10:30.782	OUT	81	0	31	515c0300000001000005b20011616e696d5f77696e67732f31352e706e6723
03:10:30.785	OUT	81	0	33	513d00000001000005b20015616e696d5f636861726163746572732f312e706e67
03:10:30.789	OUT	81	0	33	513d00000001000005b20015616e696d5f636861726163746572732f312e706e67
03:10:30.793	OUT	81	0	23	515b1700000001000005b2000a554e4954594755494c44
03:10:30.796	OUT	81	0	23	515b1700000001000005b2000a554e4954594755494c44
03:10:30.798	OUT	81	0	10	5104000005b200000000
03:10:30.800	OUT	81	0	10	5105000005b200000000
03:10:30.801	OUT	81	0	6	515e00000014
03:10:30.803	OUT	81	0	34	5119000000140000000000018448000000000000c440000000000000000000000000
03:10:30.806	OUT	81	0	18	516600000014000000000000000000000000
03:10:30.809	OUT	81	0	18	5128000073780000738c0000758100007581
03:10:30.921	IN	81	1	3	515b0e
03:10:30.921	OUT	81	0	157	515b0e0000006306001b54c3aa6e2062616e672068e1bb99693a20556e6974794775696c64000943e1baa5703a203136001242616e67206368e1bba73a206b7a6864397800125468c3a06e68207669c3aa6e3a20352f333000334b68e1baa975206869e1bb87753a2042616e6720636875cc89206361cc81692062616e672062616e6720c4836e206d61cc8079000e5175e1bbb93a203733352e303030
03:10:30.955	IN	81	1	2	5136
03:10:30.955	OUT	122	0	37	7a080000040a0200184e6869e1bb876d2076e1bba52063e1bba7612062e1baa16e00000000
03:10:31.040	OUT	81	0	6	516700003a98
03:10:33.128	IN	27	1	262	1b000005b2000000000b0000003e000000c400000082000000c500000082000000c500000083000000c600000083000000c600000084000000c700000084000000c700000085000000c800000085000000c800000086000000c900000086000000c900000087000000ca00000087000000ca00000088000000cb00000088000000cb00000089000000cc00000089000000cc0000008a000000cd0000008a000000cd0000008b000000ce0000008b000000ce0000008c000000cf0000008c000000cf0000008d000000d00000008d000000d00000008e000000d10000008e000000d10000008f000000d20000008f000000d200000090000000d3000000900000...
03:10:33.128	OUT	27	0	262	1b000005b2000000000b0000003e000000c400000082000000c500000082000000c500000083000000c600000083000000c600000084000000c700000084000000c700000085000000c800000085000000c800000086000000c900000086000000c900000087000000ca00000087000000ca00000088000000cb00000088000000cb00000089000000cc00000089000000cc0000008a000000cd0000008a000000cd0000008b000000ce0000008b000000ce0000008c000000cf0000008c000000cf0000008d000000d00000008d000000d00000008e000000d10000008e000000d10000008f000000d20000008f000000d200000090000000d3000000900000...
03:10:35.128	IN	27	1	262	1b000005b2000000000b0000003e000000e5000000a2000000e5000000a3000000e6000000a3000000e6000000a4000000e7000000a4000000e7000000a5000000e8000000a5000000e8000000a6000000e9000000a6000000e9000000a7000000ea000000a7000000ea000000a8000000eb000000a8000000eb000000a9000000ec000000a9000000ec000000aa000000ed000000aa000000ed000000ab000000ee000000ab000000ee000000ac000000ef000000ac000000ef000000ad000000f0000000ad000000f0000000ae000000f1000000ae000000f1000000af000000f2000000af000000f2000000b0000000f3000000b0000000f3000000b10000...
03:10:35.128	OUT	27	0	262	1b000005b2000000000b0000003e000000e5000000a2000000e5000000a3000000e6000000a3000000e6000000a4000000e7000000a4000000e7000000a5000000e8000000a5000000e8000000a6000000e9000000a6000000e9000000a7000000ea000000a7000000ea000000a8000000eb000000a8000000eb000000a9000000ec000000a9000000ec000000aa000000ed000000aa000000ed000000ab000000ee000000ab000000ee000000ac000000ef000000ac000000ef000000ad000000f0000000ad000000f0000000ae000000f1000000ae000000f1000000af000000f2000000af000000f2000000b0000000f3000000b0000000f3000000b10000...
03:10:37.127	IN	27	1	190	1b000005b2030000000b0000002c00000186000000b100000200000000b100000200000000b200000201000000b200000201000000b300000202000000b300000202000000b400000203000000b400000204000000b500000204000000b600000205000000b600000206000000b700000206000000b800000207000000b800000207000000b900000208000000b900000209000000ba00000209000000bb0000020a000000bb0000020a000000bc00000213000000bc00000213000000a9
03:10:37.127	OUT	27	0	190	1b000005b2030000000b0000002c00000186000000b100000200000000b100000200000000b200000201000000b200000201000000b300000202000000b300000202000000b400000203000000b400000204000000b500000204000000b600000205000000b600000206000000b700000206000000b800000207000000b800000207000000b900000208000000b900000209000000ba00000209000000bb0000020a000000bb0000020a000000bc00000213000000bc00000213000000a9
03:10:39.082	IN	25	1	13	19000000130000000000000001
03:10:39.083	OUT	31	0	22	1f000005b200066b7a68643978000000000000000000
03:10:39.083	OUT	29	0	18	1d0000001300000000000000016800000168
03:10:39.083	OUT	34	0	432	2200ffffffe7ffffffe70000003200000032fffffffe00106e7063732f5469656e5f4e752e706e67000000010000018200000085000000060000000300264e68616e682074617920c491c3a16e68207175c3a16920c491e1bb9569207175c3a0206ec3a800355068e1baa3692033207468e1bb8f692076c3a06e67206de1bb9b6920c491e1bb956920c491c6b0e1bba36320c491c3b3206e68c3a900355068e1baa3692033207468e1bb8f692062e1baa163206de1bb9b6920c491e1bb956920c491c6b0e1bba36320c491c3b3206e68c3a900075449454e204e550100ffffffe7ffffffe70000003200000032fffffffd000e6e7063732f6172656e612e706e...
03:10:39.090	OUT	81	0	367	51160000000792783a14000f7065744672616d65332f362e706e67000c6b68e1bba76e67206c6f6e67000000010000004a000000550002000000c24f6371000f7065744672616d65332f362e706e67000c6b68e1bba76e67206c6f6e670000000100000076000001490002000000d7936c44000f7065744672616d65332f332e706e67000a67c3a02072e1bbab6e6700000001000000da000000890002000000a54a32d6000f7065744672616d65332f322e706e67000c72e1bb936e6720637520746500000001000001a2000000f90002000000aebdde82000f7065744672616d65332f322e706e67000c72e1bb936e6720637520746500000001000000be00...
03:10:39.100	OUT	81	0	86	510801000005b200000001000f7065744672616d65332f312e706e6700315275612054657374202873616f64656e292873616f64656e292873616f64656e292873616f64656e292873616f64656e2900000002020000
03:10:39.103	OUT	81	0	18	5128000073780000738c0000758100007581
03:10:39.105	OUT	81	0	31	515c0300000001000005b20011616e696d5f77696e67732f31352e706e6723
03:10:39.106	OUT	81	0	33	513d00000001000005b20015616e696d5f636861726163746572732f312e706e67
03:10:39.108	OUT	81	0	33	513d00000001000005b20015616e696d5f636861726163746572732f312e706e67
03:10:39.109	OUT	81	0	23	515b1700000001000005b2000a554e4954594755494c44
03:10:39.110	OUT	81	0	23	515b1700000001000005b2000a554e4954594755494c44
03:10:39.111	OUT	81	0	10	5104000005b200000000
03:10:39.111	OUT	81	0	10	5105000005b200000000
03:10:42.046	IN	81	1	6	5124e204f6dc
03:10:42.047	OUT	81	0	185	5124000061a8000061a8000005b200000001000f7065744672616d65332f312e706e67020000000972c3b961206261627900000001000000140000001400000019000000010000000100007378000075810000738c0000758100e204f6dce204f6dc000f7065744672616d65332f322e706e67020000000c72e1bb936e67206375207465000000010000066e000003ff00000337000003ff0200000068000862c4836e6720203100000069000c73e1baa56d2073c3a9742031
03:10:42.050	OUT	81	0	35	5126000005b202000005b2010000000affffec787fe204f6dc010000000a000007d07f
03:10:42.050	OUT	81	0	61	512b000005b202000005b200000002000049d600002bb3000000e204f6dc000000010000004700000042000002000000680000003c000000690000003c
03:10:42.266	OUT	81	0	61	5125000005b2e204f6dcffffffff000061a80100000001000005b2000000000000000000000000000000000000ffffffff000000000000000000000000
03:10:44.304	OUT	81	0	18	5128000073770000738c0000758100007581
03:10:44.304	OUT	81	0	35	5126000005b202000005b2010000000affffec787fe204f6dc010000000a000007d07f
03:10:46.121	IN	81	1	2	5167
03:10:46.324	OUT	81	0	6	5167000055f0
03:11:09.315	OUT	81	0	61	5125000005b2000005b200000019000061a80100000001e204f6dc000000000000000000000000000000000000ffffb679000000000000000000000000
03:11:09.317	OUT	81	0	18	5128000073770000738c0000758100007581
03:11:09.317	OUT	81	0	35	5126000005b202000005b2010000000affffec787fe204f6dc010000000a000007d07f
03:11:09.318	OUT	81	0	6	515e00000014
03:11:09.318	OUT	81	0	34	5119000000140000000000018448000000000000c444000000000000000000000000
03:11:09.319	OUT	81	0	18	516600000014000000000000000000000000
03:11:09.319	OUT	81	0	20	5110000005b2000005b200000000040000006400
03:11:09.320	OUT	81	0	6	5163000005b2
03:11:09.320	OUT	81	0	18	5128000073770000738c0000758100007581
03:11:09.321	OUT	81	0	18	5128000073770000738c0000758100007581
03:11:09.321	OUT	81	0	35	5126000005b202000005b2010000000affffec787fe204f6dc010000000a000007d07f
03:11:14.725	IN	81	1	2	5167
03:11:14.725	IN	27	1	262	1b000005b201000000130000003e00000135000001550000013500000154000001340000015400000134000001530000013300000153000001330000015200000132000001520000013200000151000001310000015100000131000001500000013000000150000001300000014f0000012f0000014f0000012f0000014e0000012e0000014e0000012e0000014d0000012d0000014d0000012d0000014c0000012c0000014c0000012c0000014b0000012b0000014b0000012b0000014a0000012a0000014a0000012a000001490000012900000149000001290000014800000128000001480000012800000147000001270000014700000127000001460000...
03:11:14.725	OUT	27	0	262	1b000005b201000000130000003e00000135000001550000013500000154000001340000015400000134000001530000013300000153000001330000015200000132000001520000013200000151000001310000015100000131000001500000013000000150000001300000014f0000012f0000014f0000012f0000014e0000012e0000014e0000012e0000014d0000012d0000014d0000012d0000014c0000012c0000014c0000012c0000014b0000012b0000014b0000012b0000014a0000012a0000014a0000012a000001490000012900000149000001290000014800000128000001480000012800000147000001270000014700000127000001460000...
03:11:14.902	OUT	81	0	6	516700006978
03:15:48.697	IN	-36	1	39	dc00000000040005312e352e300005756e69747900000140000000f0000276690005322e342e39
03:15:48.697	OUT	-36	0	2	dc01
03:15:48.819	IN	64	1	1	40
03:15:48.819	OUT	64	0	41	400000000100094c6f63616c686f737400093132372e302e302e3100004aec00004aec00004aec0101
03:15:51.744	IN	1	1	39	010009676f706574746573740008616263313233343500000005312e352e300000000000000000
03:15:52.643	OUT	3	0	54	03000005b200066b7a6864397800066b7a68643978001b666538303a3a623666643a393465663a393136343a63313535253500004aec
03:15:52.645	OUT	121	0	6	790000001200
03:15:52.646	OUT	31	0	22	1f000005b200066b7a68643978000000000000000000
03:15:52.647	OUT	29	0	18	1d0000000b00000000000000006000000060
03:15:52.648	OUT	34	0	2208	2200ffffffe7ffffffe70000003200000032ffffffff00136e7063735c5c7472616e5f7472616e2e706e670000000100000176000000750000000600000002002c4e68e1baad6e20706574206d69e1bb856e207068c3ad2063686f206e67c6b0e1bb9d69206de1bb9b69203a2900224e68e1baad6e20706574206d69e1bb856e207068c3ad2074e1baa16920c491c3a27900095452414e204348414e0100ffffffe7ffffffe70000003200000032fffffff900166e7063732f6261635f73695f78695f74696e2e706e6700000001000001d6000001580000000600000001002242c3a1632073c4a9207468c3ba2079206dc3a1742074617920c491c3a2792028...
03:15:52.727	OUT	81	0	6	511600000000
03:15:52.728	OUT	81	0	86	510801000005b200000001000f7065744672616d65332f312e706e6700315275612054657374202873616f64656e292873616f64656e292873616f64656e292873616f64656e292873616f64656e2900000002020000
03:15:52.731	OUT	81	0	18	5128000073770000738c0000758100007581
03:15:52.731	OUT	81	0	31	515c0300000001000005b20011616e696d5f77696e67732f31352e706e6723
03:15:52.732	OUT	81	0	33	513d00000001000005b20015616e696d5f636861726163746572732f312e706e67
03:15:52.734	OUT	81	0	33	513d00000001000005b20015616e696d5f636861726163746572732f312e706e67
03:15:52.735	OUT	81	0	23	515b1700000001000005b2000a554e4954594755494c44
03:15:52.736	OUT	81	0	23	515b1700000001000005b2000a554e4954594755494c44
03:15:52.737	OUT	81	0	10	5104000005b200000000
03:15:52.737	OUT	81	0	10	5105000005b200000000
03:15:52.738	OUT	81	0	6	515e00000014
03:15:52.738	OUT	81	0	34	5119000000140000000000018448000000000000c444000000000000000000000000
03:15:52.739	OUT	81	0	18	516600000014000000000000000000000000
03:15:52.740	OUT	81	0	18	5128000073770000738c0000758100007581
03:15:52.901	IN	81	1	3	515b0e
03:15:52.901	OUT	81	0	157	515b0e0000006306001b54c3aa6e2062616e672068e1bb99693a20556e6974794775696c64000943e1baa5703a203136001242616e67206368e1bba73a206b7a6864397800125468c3a06e68207669c3aa6e3a20352f333000334b68e1baa975206869e1bb87753a2042616e6720636875cc89206361cc81692062616e672062616e6720c4836e206d61cc8079000e5175e1bbb93a203733352e303030
03:15:52.924	IN	81	1	2	5136
03:15:52.924	OUT	122	0	37	7a080000040a0200184e6869e1bb876d2076e1bba52063e1bba7612062e1baa16e00000000
03:15:53.014	OUT	81	0	6	5167000061a8
03:15:56.139	IN	27	1	262	1b000005b2000000000b0000003e000000a4000000c1000000a5000000c1000000a5000000c2000000a6000000c2000000a6000000c3000000a7000000c4000000c0000000c4000000c3000000c1000000c4000000c1000000c4000000c0000000cb000000b9000000cc000000b9000000cc000000b8000000cd000000b8000000cd000000b7000000ce000000b6000000cf000000b6000000cf000000b5000000d0000000b5000000d0000000b4000000d2000000b2000000d3000000b2000000d3000000b1000000d4000000b1000000d4000000b0000000d5000000b0000000d5000000af000000d6000000af000000d6000000ae000000da000000aa0000...
03:15:56.140	OUT	27	0	262	1b000005b2000000000b0000003e000000a4000000c1000000a5000000c1000000a5000000c2000000a6000000c2000000a6000000c3000000a7000000c4000000c0000000c4000000c3000000c1000000c4000000c1000000c4000000c0000000cb000000b9000000cc000000b9000000cc000000b8000000cd000000b8000000cd000000b7000000ce000000b6000000cf000000b6000000cf000000b5000000d0000000b5000000d0000000b4000000d2000000b2000000d3000000b2000000d3000000b1000000d4000000b1000000d4000000b0000000d5000000b0000000d5000000af000000d6000000af000000d6000000ae000000da000000aa0000...
03:15:58.140	IN	27	1	262	1b000005b2000000000b0000003e0000013c000000a90000013c000000a80000013d000000a80000013d000000a70000013e000000a70000013e000000a600000157000000a60000015a000000a90000015a000000aa0000015b000000aa00000166000000b500000166000000b600000167000000b600000169000000b800000169000000b90000016a000000b90000016b000000ba0000016b000000bb0000016c000000bb0000016c000000bc0000016d000000bc00000171000000c000000171000000c100000172000000c100000174000000c300000174000000c400000175000000c400000177000000c600000177000000c700000178000000c70000...
03:15:58.140	OUT	27	0	262	1b000005b2000000000b0000003e0000013c000000a90000013c000000a80000013d000000a80000013d000000a70000013e000000a70000013e000000a600000157000000a60000015a000000a90000015a000000aa0000015b000000aa00000166000000b500000166000000b600000167000000b600000169000000b800000169000000b90000016a000000b90000016b000000ba0000016b000000bb0000016c000000bb0000016c000000bc0000016d000000bc00000171000000c000000171000000c100000172000000c100000174000000c300000174000000c400000175000000c400000177000000c600000177000000c700000178000000c70000...
03:16:00.157	IN	27	1	262	1b000005b2000000000b0000003e00000179000000c800000179000000c90000017a000000c90000017a000000ca0000017b000000ca0000017e000000cd000001b2000000cd000001b2000000cc000001b3000000cc000001b3000000cb000001b4000000cb000001b4000000ca000001b5000000ca000001b5000000c9000001b6000000c9000001b6000000c8000001b7000000c8000001b7000000c7000001b8000000c7000001b8000000c6000001b9000000c6000001b9000000c5000001ba000000c5000001ba000000c4000001bb000000c4000001bb000000c3000001bc000000c3000001bc000000c2000001bd000000c2000001bd000000c10000...
03:16:00.157	OUT	27	0	262	1b000005b2000000000b0000003e00000179000000c800000179000000c90000017a000000c90000017a000000ca0000017b000000ca0000017e000000cd000001b2000000cd000001b2000000cc000001b3000000cc000001b3000000cb000001b4000000cb000001b4000000ca000001b5000000ca000001b5000000c9000001b6000000c9000001b6000000c8000001b7000000c8000001b7000000c7000001b8000000c7000001b8000000c6000001b9000000c6000001b9000000c5000001ba000000c5000001ba000000c4000001bb000000c4000001bb000000c3000001bc000000c3000001bc000000c2000001bd000000c2000001bd000000c10000...
03:16:02.303	IN	27	1	30	1b000005b2030000000b000000040000022e000000c00000022e000000a5
03:16:02.304	OUT	27	0	30	1b000005b2030000000b000000040000022e000000c00000022e000000a5
03:16:08.094	IN	25	1	13	19000000130000000000000001
03:16:08.094	OUT	31	0	22	1f000005b200066b7a68643978000000000000000000
03:16:08.095	OUT	29	0	18	1d0000001300000000000000016800000168
03:16:08.096	OUT	34	0	432	2200ffffffe7ffffffe70000003200000032fffffffe00106e7063732f5469656e5f4e752e706e67000000010000018200000085000000060000000300264e68616e682074617920c491c3a16e68207175c3a16920c491e1bb9569207175c3a0206ec3a800355068e1baa3692033207468e1bb8f692076c3a06e67206de1bb9b6920c491e1bb956920c491c6b0e1bba36320c491c3b3206e68c3a900355068e1baa3692033207468e1bb8f692062e1baa163206de1bb9b6920c491e1bb956920c491c6b0e1bba36320c491c3b3206e68c3a900075449454e204e550100ffffffe7ffffffe70000003200000032fffffffd000e6e7063732f6172656e612e706e...
03:16:08.104	OUT	81	0	365	51160000000792783a14000f7065744672616d65332f362e706e67000c6b68e1bba76e67206c6f6e67000000010000004a000000550002000000c24f6371000f7065744672616d65332f362e706e67000c6b68e1bba76e67206c6f6e670000000100000076000001490002000000d7936c44000f7065744672616d65332f332e706e67000a67c3a02072e1bbab6e6700000001000000da000000890002000000a54a32d6000f7065744672616d65332f322e706e67000c72e1bb936e6720637520746500000001000001a2000000f90002000000aebdde82000f7065744672616d65332f322e706e67000c72e1bb936e6720637520746500000001000000be00...
03:16:08.115	OUT	81	0	86	510801000005b200000001000f7065744672616d65332f312e706e6700315275612054657374202873616f64656e292873616f64656e292873616f64656e292873616f64656e292873616f64656e2900000002020000
03:16:08.118	OUT	81	0	18	5128000073770000738c0000758100007581
03:16:08.119	OUT	81	0	31	515c0300000001000005b20011616e696d5f77696e67732f31352e706e6723
03:16:08.119	OUT	81	0	33	513d00000001000005b20015616e696d5f636861726163746572732f312e706e67
03:16:08.120	OUT	81	0	33	513d00000001000005b20015616e696d5f636861726163746572732f312e706e67
03:16:08.120	OUT	81	0	23	515b1700000001000005b2000a554e4954594755494c44
03:16:08.120	OUT	81	0	23	515b1700000001000005b2000a554e4954594755494c44
03:16:08.121	OUT	81	0	10	5104000005b200000000
03:16:08.121	OUT	81	0	10	5105000005b200000000
03:16:13.543	IN	27	1	38	1b000005b20100000013000000060000016800000167000001680000014c000000d10000014c
03:16:13.543	OUT	27	0	38	1b000005b20100000013000000060000016800000167000001680000014c000000d10000014c
03:16:15.544	IN	27	1	30	1b000005b2010000001300000004000000d10000014c000000b60000014c
03:16:15.544	OUT	27	0	30	1b000005b2010000001300000004000000d10000014c000000b60000014c
03:16:15.911	IN	81	1	6	5124aebdde82
03:16:15.911	OUT	81	0	185	5124000061a8000061a8000005b200000001000f7065744672616d65332f312e706e67020000000972c3b961206261627900000001000000140000001400000019000000010000000100007377000075810000738c0000758100aebdde82aebdde82000f7065744672616d65332f322e706e67020000000c72e1bb936e67206375207465000000010000066e000003ff00000337000003ff0200000068000862c4836e6720203100000069000c73e1baa56d2073c3a9742031
03:16:15.914	OUT	81	0	35	5126000005b202000005b2010000000affffec787faebdde82010000000a000007d07f
03:16:15.914	OUT	81	0	61	512b000005b202000005b200000002000049d600002bb3000000aebdde82000000010000004700000042000002000000680000003c000000690000003c
03:16:15.999	OUT	81	0	61	5125000005b2aebdde82ffffffff000061a80100000001000005b2000000000000000000000000000000000000ffffffff000000000000000000000000
03:16:18.051	OUT	81	0	18	5128000073760000738c0000758100007581
03:16:18.052	OUT	81	0	35	5126000005b202000005b2010000000affffec787faebdde82010000000a000007d07f
03:16:18.085	IN	81	1	2	5167
03:16:18.567	OUT	81	0	6	516700004650
03:16:43.489	OUT	81	0	61	5125000005b2000005b200000019000061a80100000001aebdde82000000000000000000000000000000000000ffffb679000000000000000000000000
03:16:43.490	OUT	81	0	18	5128000073760000738c0000758100007581
03:16:43.491	OUT	81	0	35	5126000005b202000005b2010000000affffec787faebdde82010000000a000007d07f
03:16:43.491	OUT	81	0	6	515e00000014
03:16:43.492	OUT	81	0	34	5119000000140000000000018448000000000000c448000000000000000000000000
03:16:43.492	OUT	81	0	18	516600000014000000000000000000000000
03:16:43.492	OUT	81	0	20	5110000005b2000005b200000000040000006400
03:16:43.493	OUT	81	0	6	5163000005b2
03:16:43.493	OUT	81	0	18	5128000073760000738c0000758100007581
03:16:43.493	OUT	81	0	18	5128000073760000738c0000758100007581
03:16:43.493	OUT	81	0	35	5126000005b202000005b2010000000affffec787faebdde82010000000a000007d07f
03:17:08.913	OUT	81	0	56	511600000001a1b1999e000f7065744672616d65332f332e706e67000a67c3a02072e1bbab6e6700000001000000be000001610002000000
03:17:53.274	IN	-36	1	39	dc00000000040005312e352e300005756e69747900000140000000f0000276690005322e342e39
03:17:53.274	OUT	-36	0	2	dc01
03:17:53.286	IN	64	1	1	40
03:17:53.286	OUT	64	0	41	400000000100094c6f63616c686f737400093132372e302e302e3100004aec00004aec00004aec0101
03:24:02.754	IN	-36	1	39	dc00000000040005312e352e300005756e69747900000140000000f0000276690005322e342e39
03:24:02.754	OUT	-36	0	2	dc01
03:24:02.876	IN	64	1	1	40
03:24:02.876	OUT	64	0	41	400000000100094c6f63616c686f737400093132372e302e302e3100004aec00004aec00004aec0101
03:24:06.034	IN	1	1	39	010009676f706574746573740008616263313233343500000005312e352e300000000000000000
03:24:06.464	OUT	3	0	54	03000005b200066b7a6864397800066b7a68643978001b666538303a3a623666643a393465663a393136343a63313535253500004aec
03:24:06.465	OUT	121	0	6	790000001200
03:24:06.465	OUT	31	0	22	1f000005b200066b7a68643978000000000000000000
03:24:06.466	OUT	29	0	18	1d0000000b00000000000000006000000060
03:24:06.466	OUT	34	0	2208	2200ffffffe7ffffffe70000003200000032ffffffff00136e7063735c5c7472616e5f7472616e2e706e670000000100000176000000750000000600000002002c4e68e1baad6e20706574206d69e1bb856e207068c3ad2063686f206e67c6b0e1bb9d69206de1bb9b69203a2900224e68e1baad6e20706574206d69e1bb856e207068c3ad2074e1baa16920c491c3a27900095452414e204348414e0100ffffffe7ffffffe70000003200000032fffffff900166e7063732f6261635f73695f78695f74696e2e706e6700000001000001d6000001580000000600000001002242c3a1632073c4a9207468c3ba2079206dc3a1742074617920c491c3a2792028...
03:24:06.515	OUT	81	0	6	511600000000
03:24:06.515	OUT	81	0	86	510801000005b200000001000f7065744672616d65332f312e706e6700315275612054657374202873616f64656e292873616f64656e292873616f64656e292873616f64656e292873616f64656e2900000002020000
03:24:06.517	OUT	81	0	18	5128000073760000738c0000758100007581
03:24:06.517	OUT	81	0	31	515c0300000001000005b20011616e696d5f77696e67732f31352e706e6723
03:24:06.518	OUT	81	0	33	513d00000001000005b20015616e696d5f636861726163746572732f312e706e67
03:24:06.519	OUT	81	0	33	513d00000001000005b20015616e696d5f636861726163746572732f312e706e67
03:24:06.519	OUT	81	0	23	515b1700000001000005b2000a554e4954594755494c44
03:24:06.520	OUT	81	0	23	515b1700000001000005b2000a554e4954594755494c44
03:24:06.520	OUT	81	0	10	5104000005b200000000
03:24:06.520	OUT	81	0	10	5105000005b200000000
03:24:06.521	OUT	81	0	6	515e00000014
03:24:06.521	OUT	81	0	34	5119000000140000000000018448000000000000c448000000000000000000000000
03:24:06.522	OUT	81	0	18	516600000014000000000000000000000000
03:24:06.522	OUT	81	0	18	5128000073760000738c0000758100007581
03:24:06.659	IN	81	1	3	515b0e
03:24:06.659	OUT	81	0	157	515b0e0000006306001b54c3aa6e2062616e672068e1bb99693a20556e6974794775696c64000943e1baa5703a203136001242616e67206368e1bba73a206b7a6864397800125468c3a06e68207669c3aa6e3a20352f333000334b68e1baa975206869e1bb87753a2042616e6720636875cc89206361cc81692062616e672062616e6720c4836e206d61cc8079000e5175e1bbb93a203733352e303030
03:24:06.708	IN	81	1	2	5136
03:24:06.708	OUT	122	0	37	7a080000040a0200184e6869e1bb876d2076e1bba52063e1bba7612062e1baa16e00000000
03:24:06.815	OUT	81	0	6	516700003e80
03:24:09.982	IN	27	1	262	1b000005b2000000000b0000003e000000630000008100000064000000810000006600000083000000660000008400000067000000840000006c000000890000006c0000008a0000006d0000008a0000006d0000008b0000006e0000008b0000007400000091000000740000009200000075000000920000007600000093000000760000009400000077000000940000007b000000980000007b000000990000007c000000990000007e0000009b0000007e0000009c0000007f0000009c00000084000000a100000084000000a200000085000000a200000089000000a600000089000000a70000008a000000a70000008b000000a80000008b000000a90000...
03:24:09.982	OUT	27	0	262	1b000005b2000000000b0000003e000000630000008100000064000000810000006600000083000000660000008400000067000000840000006c000000890000006c0000008a0000006d0000008a0000006d0000008b0000006e0000008b0000007400000091000000740000009200000075000000920000007600000093000000760000009400000077000000940000007b000000980000007b000000990000007c000000990000007e0000009b0000007e0000009c0000007f0000009c00000084000000a100000084000000a200000085000000a200000089000000a600000089000000a70000008a000000a70000008b000000a80000008b000000a90000...
03:24:11.982	IN	27	1	262	1b000005b2000000000b0000003e00000156000000b100000156000000b200000157000000b200000157000000b300000158000000b300000158000000b400000159000000b400000159000000b50000015a000000b50000015a000000b60000015b000000b60000015b000000b70000015c000000b70000015c000000b80000015d000000b80000015d000000b90000015e000000b90000015e000000ba0000015f000000ba0000015f000000bb00000160000000bb00000160000000bc00000161000000bc00000161000000bd00000162000000bd00000162000000be00000163000000be00000163000000bf00000164000000bf00000164000000c00000...
03:24:11.982	OUT	27	0	262	1b000005b2000000000b0000003e00000156000000b100000156000000b200000157000000b200000157000000b300000158000000b300000158000000b400000159000000b400000159000000b50000015a000000b50000015a000000b60000015b000000b60000015b000000b70000015c000000b70000015c000000b80000015d000000b80000015d000000b90000015e000000b90000015e000000ba0000015f000000ba0000015f000000bb00000160000000bb00000160000000bc00000161000000bc00000161000000bd00000162000000bd00000162000000be00000163000000be00000163000000bf00000164000000bf00000164000000c00000...
03:24:13.982	IN	27	1	38	1b000005b2030000000b0000000600000194000000c000000229000000c000000229000000bc
03:24:13.982	OUT	27	0	38	1b000005b2030000000b0000000600000194000000c000000229000000c000000229000000bc
03:24:15.982	IN	27	1	30	1b000005b2030000000b0000000400000229000000bc00000229000000a7
03:24:15.983	OUT	27	0	30	1b000005b2030000000b0000000400000229000000bc00000229000000a7
03:24:16.172	IN	25	1	13	19000000130000000000000001
03:24:16.173	OUT	31	0	22	1f000005b200066b7a68643978000000000000000000
03:24:16.173	OUT	29	0	18	1d0000001300000000000000016800000168
03:24:16.174	OUT	34	0	432	2200ffffffe7ffffffe70000003200000032fffffffe00106e7063732f5469656e5f4e752e706e67000000010000018200000085000000060000000300264e68616e682074617920c491c3a16e68207175c3a16920c491e1bb9569207175c3a0206ec3a800355068e1baa3692033207468e1bb8f692076c3a06e67206de1bb9b6920c491e1bb956920c491c6b0e1bba36320c491c3b3206e68c3a900355068e1baa3692033207468e1bb8f692062e1baa163206de1bb9b6920c491e1bb956920c491c6b0e1bba36320c491c3b3206e68c3a900075449454e204e550100ffffffe7ffffffe70000003200000032fffffffd000e6e7063732f6172656e612e706e...
03:24:16.180	OUT	81	0	363	51160000000792783a14000f7065744672616d65332f362e706e67000c6b68e1bba76e67206c6f6e67000000010000004a000000550002000000c24f6371000f7065744672616d65332f362e706e67000c6b68e1bba76e67206c6f6e670000000100000076000001490002000000d7936c44000f7065744672616d65332f332e706e67000a67c3a02072e1bbab6e6700000001000000da000000890002000000a54a32d6000f7065744672616d65332f322e706e67000c72e1bb936e6720637520746500000001000001a2000000f90002000000f588d297000f7065744672616d65332f372e706e67000b74e1bb8120746869c3aa6e000000010000017a0000...
03:24:16.190	OUT	81	0	86	510801000005b200000001000f7065744672616d65332f312e706e6700315275612054657374202873616f64656e292873616f64656e292873616f64656e292873616f64656e292873616f64656e2900000002020000
03:24:16.193	OUT	81	0	18	5128000073760000738c0000758100007581
03:24:16.193	OUT	81	0	31	515c0300000001000005b20011616e696d5f77696e67732f31352e706e6723
03:24:16.194	OUT	81	0	33	513d00000001000005b20015616e696d5f636861726163746572732f312e706e67
03:24:16.196	OUT	81	0	33	513d00000001000005b20015616e696d5f636861726163746572732f312e706e67
03:24:16.197	OUT	81	0	23	515b1700000001000005b2000a554e4954594755494c44
03:24:16.197	OUT	81	0	23	515b1700000001000005b2000a554e4954594755494c44
03:24:16.198	OUT	81	0	10	5104000005b200000000
03:24:16.199	OUT	81	0	10	5105000005b200000000
03:24:19.478	IN	27	1	262	1b000005b201000000130000003e000001310000014d000001310000014c000001300000014c000001300000014b0000012f0000014b0000012f0000014a0000012e0000014a0000012e000001490000012d000001490000012d000001480000012c000001480000012c000001470000012b000001470000012b000001460000012a000001460000012a0000014500000129000001450000012900000144000001280000014400000128000001430000012700000143000001270000014200000126000001420000012600000141000001250000014100000125000001400000012400000140000001240000013f000001230000013f000001230000013e0000...
03:24:19.478	OUT	27	0	262	1b000005b201000000130000003e000001310000014d000001310000014c000001300000014c000001300000014b0000012f0000014b0000012f0000014a0000012e0000014a0000012e000001490000012d000001490000012d000001480000012c000001480000012c000001470000012b000001470000012b000001460000012a000001460000012a0000014500000129000001450000012900000144000001280000014400000128000001430000012700000143000001270000014200000126000001420000012600000141000001250000014100000125000001400000012400000140000001240000013f000001230000013f000001230000013e0000...
03:24:19.870	IN	81	1	6	5124d1d296e8
03:24:19.870	OUT	81	0	197	5124000061a8000061a8000005b200000001000f7065744672616d65332f312e706e67020000000972c3b961206261627900000001000000140000001400000019000000010000000100007376000075810000738c0000758100d1d296e8d1d296e8000f7065744672616d65332f332e706e67020000000a67c3a02072e1bbab6e67000000010000066e000003ff00000337000003ff0200000065000c736f6e67206bc3ad636820310000006600166769e1baa36d2073c3a174207468c6b0c6a16e672031
03:24:19.875	OUT	81	0	35	5126000005b202000005b2010000000affffec787fd1d296e8010000000a000007d07f
03:24:19.876	OUT	81	0	61	512b000005b202000005b200000002000049d600002bb3000000d1d296e800000001000000470000004200000200000065000000320000006600000032
03:24:19.890	OUT	81	0	61	5125000005b2d1d296e8ffffffff000061a80100000001000005b2000000000000000000000000000000000000ffffffff000000000000000000000000
03:24:21.922	OUT	81	0	18	5128000073750000738c0000758100007581
03:24:21.923	OUT	81	0	35	5126000005b202000005b2010000000affffec787fd1d296e8010000000a000007d07f
03:24:22.827	IN	81	1	2	5167
03:24:22.948	OUT	81	0	6	516700004268
03:24:39.951	IN	81	1	2	5167
03:24:40.314	OUT	81	0	6	516700004e20
03:24:46.924	OUT	81	0	61	5125000005b2000005b200000019000061a80100000001d1d296e8000000000000000000000000000000000000ffffb679000000000000000000000000
03:24:46.926	OUT	81	0	18	5128000073750000738c0000758100007581
03:24:46.927	OUT	81	0	35	5126000005b202000005b2010000000affffec787fd1d296e8010000000a000007d07f
03:24:46.928	OUT	81	0	6	515e00000014
03:24:46.928	OUT	81	0	34	5119000000140000000000018448000000000000c44c000000000000000000000000
03:24:46.929	OUT	81	0	18	516600000014000000000000000000000000
03:24:46.930	OUT	81	0	20	5110000005b2000005b200000000040000006400
03:24:46.930	OUT	81	0	6	5163000005b2
03:24:46.930	OUT	81	0	18	5128000073750000738c0000758100007581
03:24:46.931	OUT	81	0	18	5128000073750000738c0000758100007581
03:24:46.931	OUT	81	0	35	5126000005b202000005b2010000000affffec787fd1d296e8010000000a000007d07f
03:25:12.358	OUT	81	0	58	511600000001fbc50af8000f7065744672616d65332f362e706e67000c6b68e1bba76e67206c6f6e67000000010000011e000001590002000000
03:26:32.293	IN	-36	1	39	dc00000000040005312e352e300005756e69747900000140000000f0000276690005322e342e39
03:26:32.293	OUT	-36	0	2	dc01
03:26:32.305	IN	64	1	1	40
03:26:32.305	OUT	64	0	41	400000000100094c6f63616c686f737400093132372e302e302e3100004aec00004aec00004aec0101
03:27:49.516	IN	-36	1	39	dc00000000040005312e352e300005756e69747900000140000000f0000276690005322e342e39
03:27:49.516	OUT	-36	0	2	dc01
03:27:49.640	IN	64	1	1	40
03:27:49.640	OUT	64	0	41	400000000100094c6f63616c686f737400093132372e302e302e3100004aec00004aec00004aec0101
03:27:53.627	IN	1	1	39	010009676f706574746573740008616263313233343500000005312e352e300000000000000000
03:27:54.527	OUT	3	0	54	03000005b200066b7a6864397800066b7a68643978001b666538303a3a623666643a393465663a393136343a63313535253500004aec
03:27:54.529	OUT	121	0	6	790000001200
03:27:54.530	OUT	31	0	22	1f000005b200066b7a68643978000000000000000000
03:27:54.531	OUT	29	0	18	1d0000000b00000000000000006000000060
03:27:54.531	OUT	34	0	2208	2200ffffffe7ffffffe70000003200000032ffffffff00136e7063735c5c7472616e5f7472616e2e706e670000000100000176000000750000000600000002002c4e68e1baad6e20706574206d69e1bb856e207068c3ad2063686f206e67c6b0e1bb9d69206de1bb9b69203a2900224e68e1baad6e20706574206d69e1bb856e207068c3ad2074e1baa16920c491c3a27900095452414e204348414e0100ffffffe7ffffffe70000003200000032fffffff900166e7063732f6261635f73695f78695f74696e2e706e6700000001000001d6000001580000000600000001002242c3a1632073c4a9207468c3ba2079206dc3a1742074617920c491c3a2792028...
03:27:54.679	OUT	81	0	6	511600000000
03:27:54.680	OUT	81	0	86	510801000005b200000001000f7065744672616d65332f312e706e6700315275612054657374202873616f64656e292873616f64656e292873616f64656e292873616f64656e292873616f64656e2900000002020000
03:27:54.689	OUT	81	0	18	5128000073750000738c0000758100007581
03:27:54.692	OUT	81	0	31	515c0300000001000005b20011616e696d5f77696e67732f31352e706e6723
03:27:54.695	OUT	81	0	33	513d00000001000005b20015616e696d5f636861726163746572732f312e706e67
03:27:54.699	OUT	81	0	33	513d00000001000005b20015616e696d5f636861726163746572732f312e706e67
03:27:54.703	OUT	81	0	23	515b1700000001000005b2000a554e4954594755494c44
03:27:54.706	OUT	81	0	23	515b1700000001000005b2000a554e4954594755494c44
03:27:54.709	OUT	81	0	10	5104000005b200000000
03:27:54.710	OUT	81	0	10	5105000005b200000000
03:27:54.712	OUT	81	0	6	515e00000014
03:27:54.713	OUT	81	0	34	5119000000140000000000018448000000000000c44c000000000000000000000000
03:27:54.717	OUT	81	0	18	516600000014000000000000000000000000
03:27:54.719	OUT	81	0	18	5128000073750000738c0000758100007581
03:27:54.771	IN	81	1	3	515b0e
03:27:54.772	OUT	81	0	157	515b0e0000006306001b54c3aa6e2062616e672068e1bb99693a20556e6974794775696c64000943e1baa5703a203136001242616e67206368e1bba73a206b7a6864397800125468c3a06e68207669c3aa6e3a20352f333000334b68e1baa975206869e1bb87753a2042616e6720636875cc89206361cc81692062616e672062616e6720c4836e206d61cc8079000e5175e1bbb93a203733352e303030
03:27:54.804	IN	81	1	2	5136
03:27:54.804	OUT	122	0	37	7a080000040a0200184e6869e1bb876d2076e1bba52063e1bba7612062e1baa16e00000000
03:27:54.831	OUT	81	0	6	516700004e20
03:28:10.943	IN	27	1	262	1b000005b2000000000b0000003e00000065000000820000006500000083000000660000008300000066000000840000006700000084000000670000008500000068000000850000006800000086000000690000008600000069000000870000006a000000870000006a000000880000006b000000880000006b000000890000006c000000890000006c0000008a0000006d0000008a0000006d0000008b0000006e0000008b0000006e0000008c0000006f0000008c0000006f0000008d000000700000008d000000700000008e000000710000008e000000710000008f000000720000008f0000007200000090000000730000009000000073000000910000...
03:28:10.943	OUT	27	0	262	1b000005b2000000000b0000003e00000065000000820000006500000083000000660000008300000066000000840000006700000084000000670000008500000068000000850000006800000086000000690000008600000069000000870000006a000000870000006a000000880000006b000000880000006b000000890000006c000000890000006c0000008a0000006d0000008a0000006d0000008b0000006e0000008b0000006e0000008c0000006f0000008c0000006f0000008d000000700000008d000000700000008e000000710000008e000000710000008f000000720000008f0000007200000090000000730000009000000073000000910000...
03:28:12.944	IN	27	1	222	1b000005b2000000000b00000034000000fb000000910000015c000000910000015c000000920000015d000000920000015d000000930000015e000000930000015e000000940000015f000000940000015f00000095000001600000009500000160000000960000016100000096000001610000009700000162000000970000016200000098000001630000009800000163000000990000016400000099000001640000009a000001650000009a000001650000009b000001660000009b000001660000009c000001670000009c00000167000000b10000019f000000b1
03:28:12.944	OUT	27	0	222	1b000005b2000000000b00000034000000fb000000910000015c000000910000015c000000920000015d000000920000015d000000930000015e000000930000015e000000940000015f000000940000015f00000095000001600000009500000160000000960000016100000096000001610000009700000162000000970000016200000098000001630000009800000163000000990000016400000099000001640000009a000001650000009a000001650000009b000001660000009b000001660000009c000001670000009c00000167000000b10000019f000000b1
03:28:14.875	IN	81	1	2	5167
03:28:14.944	IN	27	1	38	1b000005b2030000000b000000060000019f000000b10000022b000000b10000022b000000a2
03:28:14.944	OUT	27	0	38	1b000005b2030000000b000000060000019f000000b10000022b000000b10000022b000000a2
03:28:15.244	OUT	81	0	6	516700007148
03:28:17.068	IN	25	1	13	19000000130000000000000001
03:28:17.068	OUT	31	0	22	1f000005b200066b7a68643978000000000000000000
03:28:17.068	OUT	29	0	18	1d0000001300000000000000016800000168
03:28:17.069	OUT	34	0	432	2200ffffffe7ffffffe70000003200000032fffffffe00106e7063732f5469656e5f4e752e706e67000000010000018200000085000000060000000300264e68616e682074617920c491c3a16e68207175c3a16920c491e1bb9569207175c3a0206ec3a800355068e1baa3692033207468e1bb8f692076c3a06e67206de1bb9b6920c491e1bb956920c491c6b0e1bba36320c491c3b3206e68c3a900355068e1baa3692033207468e1bb8f692062e1baa163206de1bb9b6920c491e1bb956920c491c6b0e1bba36320c491c3b3206e68c3a900075449454e204e550100ffffffe7ffffffe70000003200000032fffffffd000e6e7063732f6172656e612e706e...
03:28:17.074	OUT	81	0	365	51160000000792783a14000f7065744672616d65332f362e706e67000c6b68e1bba76e67206c6f6e67000000010000004a000000550002000000c24f6371000f7065744672616d65332f362e706e67000c6b68e1bba76e67206c6f6e670000000100000076000001490002000000d7936c44000f7065744672616d65332f332e706e67000a67c3a02072e1bbab6e6700000001000000da000000890002000000a54a32d6000f7065744672616d65332f322e706e67000c72e1bb936e6720637520746500000001000001a2000000f90002000000f588d297000f7065744672616d65332f372e706e67000b74e1bb8120746869c3aa6e000000010000017a0000...
03:28:17.077	OUT	81	0	86	510801000005b200000001000f7065744672616d65332f312e706e6700315275612054657374202873616f64656e292873616f64656e292873616f64656e292873616f64656e292873616f64656e2900000002020000
03:28:17.077	OUT	81	0	18	5128000073750000738c0000758100007581
03:28:17.078	OUT	81	0	31	515c0300000001000005b20011616e696d5f77696e67732f31352e706e6723
03:28:17.078	OUT	81	0	33	513d00000001000005b20015616e696d5f636861726163746572732f312e706e67
03:28:17.078	OUT	81	0	33	513d00000001000005b20015616e696d5f636861726163746572732f312e706e67
03:28:17.078	OUT	81	0	23	515b1700000001000005b2000a554e4954594755494c44
03:28:17.078	OUT	81	0	23	515b1700000001000005b2000a554e4954594755494c44
03:28:17.078	OUT	81	0	10	5104000005b200000000
03:28:17.078	OUT	81	0	10	5105000005b200000000
03:28:20.191	IN	81	1	6	5124fbc50af8
03:28:20.192	OUT	81	0	199	5124000061a8000061a8000005b200000001000f7065744672616d65332f312e706e67020000000972c3b961206261627900000001000000140000001400000019000000010000000100007375000075810000738c0000758100fbc50af8fbc50af8000f7065744672616d65332f362e706e67020000000c6b68e1bba76e67206c6f6e67000000010000066e000003ff00000337000003ff0200000065000c736f6e67206bc3ad636820310000006600166769e1baa36d2073c3a174207468c6b0c6a16e672031
03:28:20.194	OUT	81	0	35	5126000005b202000005b2010000000a00000bb87ffbc50af8010000000affffec787f
03:28:20.195	OUT	81	0	61	512b000005b202000005b200000002000049d600002bb3000000fbc50af800000001000000470000004200000200000065000000320000006600000032
03:28:20.521	OUT	81	0	61	5125000005b2fbc50af8ffffffff000061a80100000001000005b2000000000000000000000000000000000000ffffffff000000000000000000000000
03:28:22.550	OUT	81	0	18	5128000073740000738c0000758100007581
03:28:22.550	OUT	81	0	35	5126000005b202000005b2010000000a00000bb87ffbc50af8010000000affffec787f
03:28:47.985	OUT	81	0	61	5125000005b2000005b200000019000061a80100000001fbc50af8000000000000000000000000000000000000ffffb66c000000000000000000000000
03:28:47.988	OUT	81	0	18	5128000073740000738c0000758100007581
03:28:47.988	OUT	81	0	35	5126000005b202000005b2010000000a00000bb87ffbc50af8010000000affffec787f
03:28:47.989	OUT	81	0	6	515e00000014
03:28:47.990	OUT	81	0	34	5119000000140000000000018448000000000000c450000000000000000000000000
03:28:47.991	OUT	81	0	18	516600000014000000000000000000000000
03:28:47.991	OUT	81	0	20	5110000005b2000005b200000000040000006400
03:28:47.992	OUT	81	0	6	5163000005b2
03:28:47.992	OUT	81	0	18	5128000073740000738c0000758100007581
03:28:47.992	OUT	81	0	18	5128000073740000738c0000758100007581
03:28:47.993	OUT	81	0	35	5126000005b202000005b2010000000a00000bb87ffbc50af8010000000affffec787f
03:29:13.451	OUT	81	0	57	511600000001e898b01d000f7065744672616d65332f372e706e67000b74e1bb8120746869c3aa6e000000020000011e000001590002000000
03:29:16.118	IN	81	1	2	5167
03:29:16.118	IN	27	1	30	1b000005b201000000130000000400000167000001680000013d00000168
03:29:16.119	OUT	27	0	30	1b000005b201000000130000000400000167000001680000013d00000168
03:29:16.512	OUT	81	0	6	516700003e80
03:31:47.003	IN	-36	1	39	dc00000000040005312e352e300005756e69747900000140000000f0000276690005322e342e39
03:31:47.004	OUT	-36	0	2	dc01
03:31:47.026	IN	64	1	1	40
03:31:47.026	OUT	64	0	41	400000000100094c6f63616c686f737400093132372e302e302e3100004aec00004aec00004aec0101
03:32:01.796	IN	-36	1	39	dc00000000040005312e352e300005756e69747900000140000000f0000276690005322e342e39
03:32:01.796	OUT	-36	0	2	dc01
03:32:01.929	IN	64	1	1	40
03:32:01.930	OUT	64	0	41	400000000100094c6f63616c686f737400093132372e302e302e3100004aec00004aec00004aec0101
03:32:11.478	IN	1	1	39	010009676f706574746573740008616263313233343500000005312e352e300000000000000000
03:32:11.904	OUT	3	0	54	03000005b200066b7a6864397800066b7a68643978001b666538303a3a623666643a393465663a393136343a63313535253500004aec
03:32:11.905	OUT	121	0	6	790000001200
03:32:11.906	OUT	31	0	22	1f000005b200066b7a68643978000000000000000000
03:32:11.906	OUT	29	0	18	1d0000000b00000000000000006000000060
03:32:11.906	OUT	34	0	2208	2200ffffffe7ffffffe70000003200000032ffffffff00136e7063735c5c7472616e5f7472616e2e706e670000000100000176000000750000000600000002002c4e68e1baad6e20706574206d69e1bb856e207068c3ad2063686f206e67c6b0e1bb9d69206de1bb9b69203a2900224e68e1baad6e20706574206d69e1bb856e207068c3ad2074e1baa16920c491c3a27900095452414e204348414e0100ffffffe7ffffffe70000003200000032fffffff900166e7063732f6261635f73695f78695f74696e2e706e6700000001000001d6000001580000000600000001002242c3a1632073c4a9207468c3ba2079206dc3a1742074617920c491c3a2792028...
03:32:11.952	OUT	81	0	6	511600000000
03:32:11.952	OUT	81	0	86	510801000005b200000001000f7065744672616d65332f312e706e6700315275612054657374202873616f64656e292873616f64656e292873616f64656e292873616f64656e292873616f64656e2900000002020000
03:32:11.954	OUT	81	0	18	5128000073740000738c0000758100007581
03:32:11.954	OUT	81	0	31	515c0300000001000005b20011616e696d5f77696e67732f31352e706e6723
03:32:11.955	OUT	81	0	33	513d00000001000005b20015616e696d5f636861726163746572732f312e706e67
03:32:11.956	OUT	81	0	33	513d00000001000005b20015616e696d5f636861726163746572732f312e706e67
03:32:11.957	OUT	81	0	23	515b1700000001000005b2000a554e4954594755494c44
03:32:11.957	OUT	81	0	23	515b1700000001000005b2000a554e4954594755494c44
03:32:11.958	OUT	81	0	10	5104000005b200000000
03:32:11.958	OUT	81	0	10	5105000005b200000000
03:32:11.958	OUT	81	0	6	515e00000014
03:32:11.958	OUT	81	0	34	5119000000140000000000018448000000000000c450000000000000000000000000
03:32:11.959	OUT	81	0	18	516600000014000000000000000000000000
03:32:11.959	OUT	81	0	18	5128000073740000738c0000758100007581
03:32:12.018	IN	81	1	3	515b0e
03:32:12.018	OUT	81	0	157	515b0e0000006306001b54c3aa6e2062616e672068e1bb99693a20556e6974794775696c64000943e1baa5703a203136001242616e67206368e1bba73a206b7a6864397800125468c3a06e68207669c3aa6e3a20352f333000334b68e1baa975206869e1bb87753a2042616e6720636875cc89206361cc81692062616e672062616e6720c4836e206d61cc8079000e5175e1bbb93a203733352e303030
03:32:12.035	IN	81	1	2	5136
03:32:12.035	OUT	122	0	37	7a080000040a0200184e6869e1bb876d2076e1bba52063e1bba7612062e1baa16e00000000
03:32:12.377	OUT	81	0	6	516700006978
03:32:15.253	IN	27	1	62	1b000005b2000000000b0000000c0000006000000060000000600000007c000000610000007c000000620000007d000000620000007e000001040000007e
03:32:15.253	OUT	27	0	62	1b000005b2000000000b0000000c0000006000000060000000600000007c000000610000007c000000620000007d000000620000007e000001040000007e
03:32:17.253	IN	27	1	110	1b000005b2000000000b00000018000001040000007e0000010c0000007e000001120000008400000113000000840000011300000085000001180000008a00000118000000af00000119000000af00000119000000b00000011a000000b00000011a000000b100000199000000b1
03:32:17.254	OUT	27	0	110	1b000005b2000000000b00000018000001040000007e0000010c0000007e000001120000008400000113000000840000011300000085000001180000008a00000118000000af00000119000000af00000119000000b00000011a000000b00000011a000000b100000199000000b1
03:32:19.255	IN	27	1	262	1b000005b2000000000b0000003e0000020b000000cb0000020b000000ca0000020c000000ca0000020c000000c90000020d000000c90000020d000000c80000020e000000c80000020e000000c70000020f000000c70000020f000000c600000210000000c600000210000000c500000211000000c500000211000000c400000212000000c400000212000000c300000213000000c300000213000000c200000214000000c200000214000000c100000215000000c100000215000000c000000216000000c000000216000000bf00000217000000bf00000217000000be00000218000000be00000218000000bd00000219000000bd00000219000000bc0000...
03:32:19.256	OUT	27	0	262	1b000005b2000000000b0000003e0000020b000000cb0000020b000000ca0000020c000000ca0000020c000000c90000020d000000c90000020d000000c80000020e000000c80000020e000000c70000020f000000c70000020f000000c600000210000000c600000210000000c500000211000000c500000211000000c400000212000000c400000212000000c300000213000000c300000213000000c200000214000000c200000214000000c100000215000000c100000215000000c000000216000000c000000216000000bf00000217000000bf00000217000000be00000218000000be00000218000000bd00000219000000bd00000219000000bc0000...
03:32:21.473	IN	27	1	30	1b000005b2030000000b0000000400000229000000bb00000229000000a1
03:32:21.473	OUT	27	0	30	1b000005b2030000000b0000000400000229000000bb00000229000000a1
03:32:21.568	IN	25	1	13	19000000130000000000000001
03:32:21.569	OUT	31	0	22	1f000005b200066b7a68643978000000000000000000
03:32:21.569	OUT	29	0	18	1d0000001300000000000000016800000168
03:32:21.570	OUT	34	0	432	2200ffffffe7ffffffe70000003200000032fffffffe00106e7063732f5469656e5f4e752e706e67000000010000018200000085000000060000000300264e68616e682074617920c491c3a16e68207175c3a16920c491e1bb9569207175c3a0206ec3a800355068e1baa3692033207468e1bb8f692076c3a06e67206de1bb9b6920c491e1bb956920c491c6b0e1bba36320c491c3b3206e68c3a900355068e1baa3692033207468e1bb8f692062e1baa163206de1bb9b6920c491e1bb956920c491c6b0e1bba36320c491c3b3206e68c3a900075449454e204e550100ffffffe7ffffffe70000003200000032fffffffd000e6e7063732f6172656e612e706e...
03:32:21.575	OUT	81	0	364	51160000000792783a14000f7065744672616d65332f362e706e67000c6b68e1bba76e67206c6f6e67000000010000004a000000550002000000c24f6371000f7065744672616d65332f362e706e67000c6b68e1bba76e67206c6f6e670000000100000076000001490002000000d7936c44000f7065744672616d65332f332e706e67000a67c3a02072e1bbab6e6700000001000000da000000890002000000a54a32d6000f7065744672616d65332f322e706e67000c72e1bb936e6720637520746500000001000001a2000000f90002000000f588d297000f7065744672616d65332f372e706e67000b74e1bb8120746869c3aa6e000000010000017a0000...
03:32:21.588	OUT	81	0	86	510801000005b200000001000f7065744672616d65332f312e706e6700315275612054657374202873616f64656e292873616f64656e292873616f64656e292873616f64656e292873616f64656e2900000002020000
03:32:21.591	OUT	81	0	18	5128000073740000738c0000758100007581
03:32:21.591	OUT	81	0	31	515c0300000001000005b20011616e696d5f77696e67732f31352e706e6723
03:32:21.592	OUT	81	0	33	513d00000001000005b20015616e696d5f636861726163746572732f312e706e67
03:32:21.593	OUT	81	0	33	513d00000001000005b20015616e696d5f636861726163746572732f312e706e67
03:32:21.594	OUT	81	0	23	515b1700000001000005b2000a554e4954594755494c44
03:32:21.595	OUT	81	0	23	515b1700000001000005b2000a554e4954594755494c44
03:32:21.595	OUT	81	0	10	5104000005b200000000
03:32:21.595	OUT	81	0	10	5105000005b200000000
03:32:24.693	IN	27	1	78	1b000005b201000000130000001000000167000001680000012600000168000001260000013a000001250000013a0000012500000139000001240000013900000124000001380000011700000138
03:32:24.693	OUT	27	0	78	1b000005b201000000130000001000000167000001680000012600000168000001260000013a000001250000013a0000012500000139000001240000013900000124000001380000011700000138
03:32:26.176	IN	81	1	6	5124e898b01d
03:32:26.177	OUT	81	0	189	5124000061a8000061a8000005b200000001000f7065744672616d65332f312e706e67020000000972c3b961206261627900000001000000140000001400000019000000010000000100007374000075810000738c0000758100e898b01de898b01d000f7065744672616d65332f372e706e67020000000b74e1bb8120746869c3aa6e0000000200000994000005f6000004ca000005f6020000006b000d68e1baa120c491e1bb996320310000006c000c68e1baa1207468e1bba72031
03:32:26.183	OUT	81	0	35	5126000005b202000005b2010000000a000000007fe898b01d010000000a000000007f
03:32:26.185	OUT	81	0	61	512b000005b202000005b200000002000049d600002bb3000000e898b01d0000000200000069000000640000020000006b0000003c0000006c0000003c
03:32:26.389	OUT	81	0	61	5125000005b2e898b01dffffffff000061a80100000001000005b2000000000000000000000000000000000000ffffffff000000000000000000000000
03:32:28.408	OUT	81	0	18	5128000073730000738c0000758100007581
03:32:28.408	OUT	81	0	35	5126000005b202000005b2010000000a000000007fe898b01d010000000a000000007f
03:32:39.382	IN	81	1	2	5167
03:32:39.648	OUT	81	0	6	516700003e80
03:32:53.441	OUT	81	0	61	5125000005b2000005b200000019000061a80100000001e898b01d000000000000000000000000000000000000ffffb68e000000000000000000000000
03:32:53.443	OUT	81	0	18	5128000073730000738c0000758100007581
03:32:53.444	OUT	81	0	35	5126000005b202000005b2010000000a000000007fe898b01d010000000a000000007f
03:32:53.445	OUT	81	0	6	515e00000014
03:32:53.445	OUT	81	0	34	5119000000140000000000018448000000000000c458000000000000000000000000
03:32:53.446	OUT	81	0	18	516600000014000000000000000000000000
03:32:53.447	OUT	81	0	20	5110000005b2000005b200000000080000009600
03:32:53.447	OUT	81	0	6	5163000005b2
03:32:53.448	OUT	81	0	18	5128000073730000738c0000758100007581
03:32:53.448	OUT	81	0	18	5128000073730000738c0000758100007581
03:32:53.448	OUT	81	0	35	5126000005b202000005b2010000000a000000007fe898b01d010000000a000000007f
03:33:18.814	OUT	81	0	57	511600000001851bc342000f7065744672616d65332f372e706e67000b74e1bb8120746869c3aa6e000000020000011e000001590002000000
03:36:11.183	IN	-36	1	39	dc00000000040005312e352e300005756e69747900000140000000f0000276690005322e342e39
03:36:11.183	OUT	-36	0	2	dc01
03:36:11.197	IN	64	1	1	40
03:36:11.197	OUT	64	0	41	400000000100094c6f63616c686f737400093132372e302e302e3100004aec00004aec00004aec0101
03:39:59.943	IN	-36	1	39	dc00000000040005312e352e300005756e69747900000140000000f0000276690005322e342e39
03:39:59.943	OUT	-36	0	2	dc01
03:40:00.063	IN	64	1	1	40
03:40:00.063	OUT	64	0	41	400000000100094c6f63616c686f737400093132372e302e302e3100004aec00004aec00004aec0101
03:40:05.326	IN	1	1	39	010009676f706574746573740008616263313233343500000005312e352e300000000000000000
03:40:06.467	OUT	3	0	54	03000005b200066b7a6864397800066b7a68643978001b666538303a3a623666643a393465663a393136343a63313535253500004aec
03:40:06.471	OUT	121	0	6	790000001200
03:40:06.471	OUT	31	0	22	1f000005b200066b7a68643978000000000000000000
03:40:06.473	OUT	29	0	18	1d0000000b00000000000000006000000060
03:40:06.474	OUT	34	0	2208	2200ffffffe7ffffffe70000003200000032ffffffff00136e7063735c5c7472616e5f7472616e2e706e670000000100000176000000750000000600000002002c4e68e1baad6e20706574206d69e1bb856e207068c3ad2063686f206e67c6b0e1bb9d69206de1bb9b69203a2900224e68e1baad6e20706574206d69e1bb856e207068c3ad2074e1baa16920c491c3a27900095452414e204348414e0100ffffffe7ffffffe70000003200000032fffffff900166e7063732f6261635f73695f78695f74696e2e706e6700000001000001d6000001580000000600000001002242c3a1632073c4a9207468c3ba2079206dc3a1742074617920c491c3a2792028...
03:40:06.629	OUT	81	0	6	511600000000
03:40:06.630	OUT	81	0	86	510801000005b200000001000f7065744672616d65332f312e706e6700315275612054657374202873616f64656e292873616f64656e292873616f64656e292873616f64656e292873616f64656e2900000002020000
03:40:06.633	OUT	81	0	18	5128000073730000738c0000758100007581
03:40:06.634	OUT	81	0	31	515c0300000001000005b20011616e696d5f77696e67732f31352e706e6723
03:40:06.636	OUT	81	0	33	513d00000001000005b20015616e696d5f636861726163746572732f312e706e67
03:40:06.638	OUT	81	0	33	513d00000001000005b20015616e696d5f636861726163746572732f312e706e67
03:40:06.639	OUT	81	0	23	515b1700000001000005b2000a554e4954594755494c44
03:40:06.642	OUT	81	0	23	515b1700000001000005b2000a554e4954594755494c44
03:40:06.646	OUT	81	0	10	5104000005b200000000
03:40:06.647	OUT	81	0	10	5105000005b200000000
03:40:06.649	OUT	81	0	6	515e00000014
03:40:06.650	OUT	81	0	34	5119000000140000000000018448000000000000c458000000000000000000000000
03:40:06.653	OUT	81	0	18	516600000014000000000000000000000000
03:40:06.654	OUT	81	0	18	5128000073730000738c0000758100007581
03:40:06.729	OUT	81	0	6	516700006590
03:40:06.794	IN	81	1	3	515b0e
03:40:06.795	OUT	81	0	157	515b0e0000006306001b54c3aa6e2062616e672068e1bb99693a20556e6974794775696c64000943e1baa5703a203136001242616e67206368e1bba73a206b7a6864397800125468c3a06e68207669c3aa6e3a20352f333000334b68e1baa975206869e1bb87753a2042616e6720636875cc89206361cc81692062616e672062616e6720c4836e206d61cc8079000e5175e1bbb93a203733352e303030
03:40:06.834	IN	81	1	2	5136
03:40:06.835	OUT	122	0	37	7a080000040a0200184e6869e1bb876d2076e1bba52063e1bba7612062e1baa16e00000000
03:40:10.755	IN	27	1	54	1b000005b2000000000b0000000a000000600000006100000060000000750000009f000000750000009f00000096000000d000000096
03:40:10.755	OUT	27	0	54	1b000005b2000000000b0000000a000000600000006100000060000000750000009f000000750000009f00000096000000d000000096
03:40:12.753	IN	27	1	30	1b000005b2000000000b00000004000000d1000000960000019000000096
03:40:12.753	OUT	27	0	30	1b000005b2000000000b00000004000000d1000000960000019000000096
03:40:14.754	IN	27	1	126	1b000005b2000000000b0000001c0000019000000096000001cb00000096000001cb00000097000001cc00000097000001cc00000098000001cd00000098000001cd00000099000001ce00000099000001ce0000009a000001cf0000009a000001cf0000009b000001d00000009b000001d0000000c100000223000000c1
03:40:14.755	OUT	27	0	126	1b000005b2000000000b0000001c0000019000000096000001cb00000096000001cb00000097000001cc00000097000001cc00000098000001cd00000098000001cd00000099000001ce00000099000001ce0000009a000001cf0000009a000001cf0000009b000001d00000009b000001d0000000c100000223000000c1
03:40:16.921	IN	27	1	46	1b000005b2030000000b0000000800000223000000c100000223000000ad0000023a000000ad0000023a0000009d
03:40:16.922	OUT	27	0	46	1b000005b2030000000b0000000800000223000000c100000223000000ad0000023a000000ad0000023a0000009d
03:40:17.466	IN	25	1	13	19000000130000000000000001
03:40:17.467	OUT	31	0	22	1f000005b200066b7a68643978000000000000000000
03:40:17.468	OUT	29	0	18	1d0000001300000000000000016800000168
03:40:17.469	OUT	34	0	432	2200ffffffe7ffffffe70000003200000032fffffffe00106e7063732f5469656e5f4e752e706e67000000010000018200000085000000060000000300264e68616e682074617920c491c3a16e68207175c3a16920c491e1bb9569207175c3a0206ec3a800355068e1baa3692033207468e1bb8f692076c3a06e67206de1bb9b6920c491e1bb956920c491c6b0e1bba36320c491c3b3206e68c3a900355068e1baa3692033207468e1bb8f692062e1baa163206de1bb9b6920c491e1bb956920c491c6b0e1bba36320c491c3b3206e68c3a900075449454e204e550100ffffffe7ffffffe70000003200000032fffffffd000e6e7063732f6172656e612e706e...
03:40:17.487	OUT	81	0	364	51160000000792783a14000f7065744672616d65332f362e706e67000c6b68e1bba76e67206c6f6e67000000010000004a000000550002000000c24f6371000f7065744672616d65332f362e706e67000c6b68e1bba76e67206c6f6e670000000100000076000001490002000000d7936c44000f7065744672616d65332f332e706e67000a67c3a02072e1bbab6e6700000001000000da000000890002000000a54a32d6000f7065744672616d65332f322e706e67000c72e1bb936e6720637520746500000001000001a2000000f90002000000f588d297000f7065744672616d65332f372e706e67000b74e1bb8120746869c3aa6e000000010000017a0000...
03:40:17.503	OUT	81	0	86	510801000005b200000001000f7065744672616d65332f312e706e6700315275612054657374202873616f64656e292873616f64656e292873616f64656e292873616f64656e292873616f64656e2900000002020000
03:40:17.510	OUT	81	0	18	5128000073730000738c0000758100007581
03:40:17.512	OUT	81	0	31	515c0300000001000005b20011616e696d5f77696e67732f31352e706e6723
03:40:17.516	OUT	81	0	33	513d00000001000005b20015616e696d5f636861726163746572732f312e706e67
03:40:17.521	OUT	81	0	33	513d00000001000005b20015616e696d5f636861726163746572732f312e706e67
03:40:17.525	OUT	81	0	23	515b1700000001000005b2000a554e4954594755494c44
03:40:17.528	OUT	81	0	23	515b1700000001000005b2000a554e4954594755494c44
03:40:17.531	OUT	81	0	10	5104000005b200000000
03:40:17.533	OUT	81	0	10	5105000005b200000000
03:40:20.633	IN	27	1	262	1b000005b201000000130000003e000000f700000148000000f700000147000000f600000147000000f500000146000000f500000145000000f400000145000000f300000144000000f300000143000000f200000143000000f100000142000000f100000141000000f000000141000000ed0000013e000000ed0000013d000000ec0000013d000000eb0000013c000000eb0000013b000000ea0000013b000000e700000138000000d300000138000000cf0000013c000000cf0000013d000000ce0000013d000000cb00000140000000cb00000141000000ca00000141000000c600000145000000c600000146000000c500000146000000c3000001480000...
03:40:20.633	OUT	27	0	262	1b000005b201000000130000003e000000f700000148000000f700000147000000f600000147000000f500000146000000f500000145000000f400000145000000f300000144000000f300000143000000f200000143000000f100000142000000f100000141000000f000000141000000ed0000013e000000ed0000013d000000ec0000013d000000eb0000013c000000eb0000013b000000ea0000013b000000e700000138000000d300000138000000cf0000013c000000cf0000013d000000ce0000013d000000cb00000140000000cb00000141000000ca00000141000000c600000145000000c600000146000000c500000146000000c3000001480000...
03:40:21.676	IN	81	1	6	5124a1b1999e
03:40:21.676	OUT	81	0	197	5124000061a8000061a8000005b200000001000f7065744672616d65332f312e706e67020000000972c3b961206261627900000001000000140000001400000019000000010000000100007373000075810000738c0000758100a1b1999ea1b1999e000f7065744672616d65332f332e706e67020000000a67c3a02072e1bbab6e67000000010000066e000003ff00000337000003ff0200000065000c736f6e67206bc3ad636820310000006600166769e1baa36d2073c3a174207468c6b0c6a16e672031
03:40:21.685	OUT	81	0	35	5126000005b202000005b2010000000affffec787fa1b1999e010000000a000007d07f
03:40:21.686	OUT	81	0	61	512b000005b202000005b200000002000049d600002bb3000000a1b1999e00000001000000470000004200000200000065000000320000006600000032
03:40:21.893	OUT	81	0	61	5125000005b2a1b1999effffffff000061a80100000001000005b2000000000000000000000000000000000000ffffffff000000000000000000000000
03:40:23.927	OUT	81	0	18	5128000073720000738c0000758100007581
03:40:23.929	OUT	81	0	35	5126000005b202000005b2010000000affffec787fa1b1999e010000000a000007d07f
03:40:32.921	IN	81	1	2	5167
03:40:33.135	OUT	81	0	6	5167000059d8
03:40:48.935	OUT	81	0	61	5125000005b2000005b200000019000061a80100000001a1b1999e000000000000000000000000000000000000ffffb679000000000000000000000000
03:40:48.936	OUT	81	0	18	5128000073720000738c0000758100007581
03:40:48.936	OUT	81	0	35	5126000005b202000005b2010000000affffec787fa1b1999e010000000a000007d07f
03:40:48.936	OUT	81	0	6	515e00000014
03:40:48.936	OUT	81	0	34	5119000000140000000000018448000000000000c45c000000000000000000000000
03:40:48.936	OUT	81	0	18	516600000014000000000000000000000000
03:40:48.937	OUT	81	0	20	5110000005b2000005b200000000040000006400
03:40:48.937	OUT	81	0	6	5163000005b2
03:40:48.937	OUT	81	0	18	5128000073720000738c0000758100007581
03:40:48.937	OUT	81	0	18	5128000073720000738c0000758100007581
03:40:48.937	OUT	81	0	35	5126000005b202000005b2010000000affffec787fa1b1999e010000000a000007d07f
03:41:01.424	IN	81	1	2	5167
03:41:01.425	IN	27	1	30	1b000005b2010000001300000004000000c000000148000000be00000148
03:41:01.425	OUT	27	0	30	1b000005b2010000001300000004000000c000000148000000be00000148
03:41:01.634	OUT	81	0	6	516700006d60
03:41:03.579	IN	81	1	6	5124c24f6371
03:41:03.579	OUT	81	0	199	5124000061a8000061a8000005b200000001000f7065744672616d65332f312e706e67020000000972c3b961206261627900000001000000140000001400000019000000010000000100007372000075810000738c0000758100c24f6371c24f6371000f7065744672616d65332f362e706e67020000000c6b68e1bba76e67206c6f6e67000000010000066e000003ff00000337000003ff0200000065000c736f6e67206bc3ad636820310000006600166769e1baa36d2073c3a174207468c6b0c6a16e672031
03:41:03.582	OUT	81	0	35	5126000005b202000005b2010000000a00000bb87fc24f6371010000000affffec787f
03:41:03.583	OUT	81	0	61	512b000005b202000005b200000002000049d600002bb3000000c24f637100000001000000470000004200000200000065000000320000006600000032
03:41:03.675	OUT	81	0	61	5125000005b2c24f6371ffffffff000061a80100000001000005b2000000000000000000000000000000000000ffffffff000000000000000000000000
03:41:05.692	OUT	81	0	18	5128000073710000738c0000758100007581
03:41:05.693	OUT	81	0	35	5126000005b202000005b2010000000a00000bb87fc24f6371010000000affffec787f
03:41:14.336	OUT	81	0	58	511600000001fdfc8ba3000f7065744672616d65332f362e706e67000c6b68e1bba76e67206c6f6e6700000001000000be000001610002000000
03:41:31.095	OUT	81	0	61	5125000005b2000005b200000019000061a80100000001c24f6371000000000000000000000000000000000000ffffb66c000000000000000000000000
03:41:31.097	OUT	81	0	18	5128000073710000738c0000758100007581
03:41:31.097	OUT	81	0	35	5126000005b202000005b2010000000a00000bb87fc24f6371010000000affffec787f
03:41:31.098	OUT	81	0	6	515e00000014
03:41:31.098	OUT	81	0	34	5119000000140000000000018448000000000000c460000000000000000000000000
03:41:31.099	OUT	81	0	18	516600000014000000000000000000000000
03:41:31.099	OUT	81	0	20	5110000005b2000005b200000000040000006400
03:41:31.100	OUT	81	0	6	5163000005b2
03:41:31.100	OUT	81	0	18	5128000073710000738c0000758100007581
03:41:31.100	OUT	81	0	18	5128000073710000738c0000758100007581
03:41:31.100	OUT	81	0	35	5126000005b202000005b2010000000a00000bb87fc24f6371010000000affffec787f
03:41:56.499	OUT	81	0	58	511600000001cb9ae1a0000f7065744672616d65332f322e706e67000c72e1bb936e672063752074650000000100000076000001490002000000
03:44:05.040	IN	-36	1	39	dc00000000040005312e352e300005756e69747900000140000000f0000276690005322e342e39
03:44:05.041	OUT	-36	0	2	dc01
03:44:05.082	IN	64	1	1	40
03:44:05.083	OUT	64	0	41	400000000100094c6f63616c686f737400093132372e302e302e3100004aec00004aec00004aec0101
03:47:12.053	IN	-36	1	39	dc00000000040005312e352e300005756e69747900000140000000f0000276690005322e342e39
03:47:12.053	OUT	-36	0	2	dc01
03:47:12.173	IN	64	1	1	40
03:47:12.173	OUT	64	0	41	400000000100094c6f63616c686f737400093132372e302e302e3100004aec00004aec00004aec0101
03:47:18.260	IN	1	1	39	010009676f706574746573740008616263313233343500000005312e352e300000000000000000
03:47:19.082	OUT	3	0	54	03000005b200066b7a6864397800066b7a68643978001b666538303a3a623666643a393465663a393136343a63313535253500004aec
03:47:19.083	OUT	121	0	6	790000001200
03:47:19.083	OUT	31	0	22	1f000005b200066b7a68643978000000000000000000
03:47:19.084	OUT	29	0	18	1d0000000b00000000000000006000000060
03:47:19.084	OUT	34	0	2208	2200ffffffe7ffffffe70000003200000032ffffffff00136e7063735c5c7472616e5f7472616e2e706e670000000100000176000000750000000600000002002c4e68e1baad6e20706574206d69e1bb856e207068c3ad2063686f206e67c6b0e1bb9d69206de1bb9b69203a2900224e68e1baad6e20706574206d69e1bb856e207068c3ad2074e1baa16920c491c3a27900095452414e204348414e0100ffffffe7ffffffe70000003200000032fffffff900166e7063732f6261635f73695f78695f74696e2e706e6700000001000001d6000001580000000600000001002242c3a1632073c4a9207468c3ba2079206dc3a1742074617920c491c3a2792028...
03:47:19.129	OUT	81	0	6	511600000000
03:47:19.129	OUT	81	0	86	510801000005b200000001000f7065744672616d65332f312e706e6700315275612054657374202873616f64656e292873616f64656e292873616f64656e292873616f64656e292873616f64656e2900000002020000
03:47:19.131	OUT	81	0	18	5128000073710000738c0000758100007581
03:47:19.131	OUT	81	0	31	515c0300000001000005b20011616e696d5f77696e67732f31352e706e6723
03:47:19.132	OUT	81	0	33	513d00000001000005b20015616e696d5f636861726163746572732f312e706e67
03:47:19.133	OUT	81	0	33	513d00000001000005b20015616e696d5f636861726163746572732f312e706e67
03:47:19.133	OUT	81	0	23	515b1700000001000005b2000a554e4954594755494c44
03:47:19.134	OUT	81	0	23	515b1700000001000005b2000a554e4954594755494c44
03:47:19.134	OUT	81	0	10	5104000005b200000000
03:47:19.135	OUT	81	0	10	5105000005b200000000
03:47:19.135	OUT	81	0	6	515e00000014
03:47:19.135	OUT	81	0	34	5119000000140000000000018448000000000000c460000000000000000000000000
03:47:19.136	OUT	81	0	18	516600000014000000000000000000000000
03:47:19.136	OUT	81	0	18	5128000073710000738c0000758100007581
03:47:19.192	IN	81	1	3	515b0e
03:47:19.193	OUT	81	0	157	515b0e0000006306001b54c3aa6e2062616e672068e1bb99693a20556e6974794775696c64000943e1baa5703a203136001242616e67206368e1bba73a206b7a6864397800125468c3a06e68207669c3aa6e3a20352f333000334b68e1baa975206869e1bb87753a2042616e6720636875cc89206361cc81692062616e672062616e6720c4836e206d61cc8079000e5175e1bbb93a203733352e303030
03:47:19.205	OUT	81	0	6	5167000061a8
03:47:19.210	IN	81	1	2	5136
03:47:19.210	OUT	122	0	37	7a080000040a0200184e6869e1bb876d2076e1bba52063e1bba7612062e1baa16e00000000
03:47:23.548	IN	27	1	230	1b000005b2000000000b000000360000006000000060000000600000008300000061000000830000006200000084000000620000008500000063000000850000006300000086000000640000008600000065000000870000006500000088000000660000008800000066000000890000006700000089000000670000008a000000680000008a000000690000008b000000690000008c0000006a0000008c0000006b0000008d0000006b0000008e0000006c0000008e0000006c0000008f0000006d0000008f0000006d000000900000006e000000900000006e00000091000000f800000091
03:47:23.548	OUT	27	0	230	1b000005b2000000000b000000360000006000000060000000600000008300000061000000830000006200000084000000620000008500000063000000850000006300000086000000640000008600000065000000870000006500000088000000660000008800000066000000890000006700000089000000670000008a000000680000008a000000690000008b000000690000008c0000006a0000008c0000006b0000008d0000006b0000008e0000006c0000008e0000006c0000008f0000006d0000008f0000006d000000900000006e000000900000006e00000091000000f800000091
03:47:25.547	IN	27	1	30	1b000005b2000000000b00000004000000f800000091000001b800000091
03:47:25.547	OUT	27	0	30	1b000005b2000000000b00000004000000f800000091000001b800000091
03:47:27.550	IN	27	1	182	1b000005b2020000000b0000002a000001b800000091000001e100000091000001e100000092000001e200000092000001e200000093000001e300000093000001e400000094000001e400000095000001e500000095000001e500000096000001e600000096000001e700000097000001e7000000b2000001e8000000b2000001e8000000b3000001e9000000b3000001e9000000b4000001ea000000b4000001ea000000b500000228000000b500000228000000c8
03:47:27.550	OUT	27	0	182	1b000005b2020000000b0000002a000001b800000091000001e100000091000001e100000092000001e200000092000001e200000093000001e300000093000001e400000094000001e400000095000001e500000095000001e500000096000001e600000096000001e700000097000001e7000000b2000001e8000000b2000001e8000000b3000001e9000000b3000001e9000000b4000001ea000000b4000001ea000000b500000228000000b500000228000000c8
03:47:29.552	IN	27	1	30	1b000005b2030000000b0000000400000228000000c800000228000000aa
03:47:29.552	OUT	27	0	30	1b000005b2030000000b0000000400000228000000c800000228000000aa
03:47:30.710	IN	25	1	13	19000000130000000000000001
03:47:30.710	OUT	31	0	22	1f000005b200066b7a68643978000000000000000000
03:47:30.711	OUT	29	0	18	1d0000001300000000000000016800000168
03:47:30.711	OUT	34	0	432	2200ffffffe7ffffffe70000003200000032fffffffe00106e7063732f5469656e5f4e752e706e67000000010000018200000085000000060000000300264e68616e682074617920c491c3a16e68207175c3a16920c491e1bb9569207175c3a0206ec3a800355068e1baa3692033207468e1bb8f692076c3a06e67206de1bb9b6920c491e1bb956920c491c6b0e1bba36320c491c3b3206e68c3a900355068e1baa3692033207468e1bb8f692062e1baa163206de1bb9b6920c491e1bb956920c491c6b0e1bba36320c491c3b3206e68c3a900075449454e204e550100ffffffe7ffffffe70000003200000032fffffffd000e6e7063732f6172656e612e706e...
03:47:30.719	OUT	81	0	366	51160000000792783a14000f7065744672616d65332f362e706e67000c6b68e1bba76e67206c6f6e67000000010000004a000000550002000000d7936c44000f7065744672616d65332f332e706e67000a67c3a02072e1bbab6e6700000001000000da000000890002000000a54a32d6000f7065744672616d65332f322e706e67000c72e1bb936e6720637520746500000001000001a2000000f90002000000f588d297000f7065744672616d65332f372e706e67000b74e1bb8120746869c3aa6e000000010000017a000001410002000000851bc342000f7065744672616d65332f372e706e67000b74e1bb8120746869c3aa6e000000020000011e000001...
03:47:30.728	OUT	81	0	86	510801000005b200000001000f7065744672616d65332f312e706e6700315275612054657374202873616f64656e292873616f64656e292873616f64656e292873616f64656e292873616f64656e2900000002020000
03:47:30.731	OUT	81	0	18	5128000073710000738c0000758100007581
03:47:30.731	OUT	81	0	31	515c0300000001000005b20011616e696d5f77696e67732f31352e706e6723
03:47:30.732	OUT	81	0	33	513d00000001000005b20015616e696d5f636861726163746572732f312e706e67
03:47:30.733	OUT	81	0	33	513d00000001000005b20015616e696d5f636861726163746572732f312e706e67
03:47:30.734	OUT	81	0	23	515b1700000001000005b2000a554e4954594755494c44
03:47:30.734	OUT	81	0	23	515b1700000001000005b2000a554e4954594755494c44
03:47:30.735	OUT	81	0	10	5104000005b200000000
03:47:30.736	OUT	81	0	10	5105000005b200000000
03:47:33.888	IN	27	1	262	1b000005b202000000130000003e0000013b0000014f0000013b0000014e0000013a0000014e0000013a0000014d000001390000014d000001390000014c000001380000014c000001380000014b000001370000014b000001370000014a000001360000014a0000013600000149000001350000014900000135000001480000013400000148000001340000014700000133000001470000013300000146000000c500000146000000c500000147000000c300000149000000c200000149000000c20000014a000000c10000014a000000c10000014b000000c00000014b000000c00000014c000000bf0000014c000000bf0000014d000000be0000014d0000...
03:47:33.888	OUT	27	0	262	1b000005b202000000130000003e0000013b0000014f0000013b0000014e0000013a0000014e0000013a0000014d000001390000014d000001390000014c000001380000014c000001380000014b000001370000014b000001370000014a000001360000014a0000013600000149000001350000014900000135000001480000013400000148000001340000014700000133000001470000013300000146000000c500000146000000c500000147000000c300000149000000c200000149000000c20000014a000000c10000014a000000c10000014b000000c00000014b000000c00000014c000000bf0000014c000000bf0000014d000000be0000014d0000...
03:47:35.534	IN	81	1	6	5124fdfc8ba3
03:47:35.535	OUT	81	0	199	5124000061a8000061a8000005b200000001000f7065744672616d65332f312e706e67020000000972c3b961206261627900000001000000140000001400000019000000010000000100007371000075810000738c0000758100fdfc8ba3fdfc8ba3000f7065744672616d65332f362e706e67020000000c6b68e1bba76e67206c6f6e67000000010000066e000003ff00000337000003ff0200000065000c736f6e67206bc3ad636820310000006600166769e1baa36d2073c3a174207468c6b0c6a16e672031
03:47:35.543	OUT	81	0	35	5126000005b202000005b2010000000a00000bb87ffdfc8ba3010000000affffec787f
03:47:35.545	OUT	81	0	61	512b000005b202000005b200000002000049d600002bb3000000fdfc8ba300000001000000470000004200000200000065000000320000006600000032
03:47:35.699	OUT	81	0	61	5125000005b2fdfc8ba3ffffffff000061a80100000001000005b2000000000000000000000000000000000000ffffffff000000000000000000000000
03:47:37.758	OUT	81	0	18	5128000073700000738c0000758100007581
03:47:37.759	OUT	81	0	35	5126000005b202000005b2010000000a00000bb87ffdfc8ba3010000000affffec787f
03:47:44.251	IN	81	1	2	5167
03:47:44.354	OUT	81	0	6	516700006590
03:48:03.197	OUT	81	0	61	5125000005b2000005b200000019000061a80100000001fdfc8ba3000000000000000000000000000000000000ffffb66c000000000000000000000000
03:48:03.198	OUT	81	0	18	5128000073700000738c0000758100007581
03:48:03.198	OUT	81	0	35	5126000005b202000005b2010000000a00000bb87ffdfc8ba3010000000affffec787f
03:48:03.198	OUT	81	0	6	515e00000014
03:48:03.199	OUT	81	0	34	5119000000140000000000018448000000000000c464000000000000000000000000
03:48:03.199	OUT	81	0	18	516600000014000000000000000000000000
03:48:03.200	OUT	81	0	20	5110000005b2000005b200000000040000006400
03:48:03.200	OUT	81	0	6	5163000005b2
03:48:03.200	OUT	81	0	18	5128000073700000738c0000758100007581
03:48:03.201	OUT	81	0	18	5128000073700000738c0000758100007581
03:48:03.201	OUT	81	0	35	5126000005b202000005b2010000000a00000bb87ffdfc8ba3010000000affffec787f
03:48:28.587	OUT	81	0	57	5116000000019487ea9a000f7065744672616d65332f372e706e67000b74e1bb8120746869c3aa6e00000002000000be000001610002000000
03:49:18.009	IN	-36	1	39	dc00000000040005312e352e300005756e69747900000140000000f0000276690005322e342e39
03:49:18.009	OUT	-36	0	2	dc01
03:49:18.021	IN	64	1	1	40
03:49:18.021	OUT	64	0	41	400000000100094c6f63616c686f737400093132372e302e302e3100004aec00004aec00004aec0101
03:50:41.861	IN	-36	1	39	dc00000000040005312e352e300005756e69747900000140000000f0000276690005322e342e39
03:50:41.861	OUT	-36	0	2	dc01
03:50:41.998	IN	64	1	1	40
03:50:41.998	OUT	64	0	41	400000000100094c6f63616c686f737400093132372e302e302e3100004aec00004aec00004aec0101
03:50:45.373	IN	1	1	39	010009676f706574746573740008616263313233343500000005312e352e300000000000000000
03:50:46.294	OUT	3	0	54	03000005b200066b7a6864397800066b7a68643978001b666538303a3a623666643a393465663a393136343a63313535253500004aec
03:50:46.296	OUT	121	0	6	790000001200
03:50:46.296	OUT	31	0	22	1f000005b200066b7a68643978000000000000000000
03:50:46.297	OUT	29	0	18	1d0000000b00000000000000006000000060
03:50:46.298	OUT	34	0	2208	2200ffffffe7ffffffe70000003200000032ffffffff00136e7063735c5c7472616e5f7472616e2e706e670000000100000176000000750000000600000002002c4e68e1baad6e20706574206d69e1bb856e207068c3ad2063686f206e67c6b0e1bb9d69206de1bb9b69203a2900224e68e1baad6e20706574206d69e1bb856e207068c3ad2074e1baa16920c491c3a27900095452414e204348414e0100ffffffe7ffffffe70000003200000032fffffff900166e7063732f6261635f73695f78695f74696e2e706e6700000001000001d6000001580000000600000001002242c3a1632073c4a9207468c3ba2079206dc3a1742074617920c491c3a2792028...
03:50:46.386	OUT	81	0	6	511600000000
03:50:46.386	OUT	81	0	86	510801000005b200000001000f7065744672616d65332f312e706e6700315275612054657374202873616f64656e292873616f64656e292873616f64656e292873616f64656e292873616f64656e2900000002020000
03:50:46.389	OUT	81	0	18	5128000073700000738c0000758100007581
03:50:46.389	OUT	81	0	31	515c0300000001000005b20011616e696d5f77696e67732f31352e706e6723
03:50:46.390	OUT	81	0	33	513d00000001000005b20015616e696d5f636861726163746572732f312e706e67
03:50:46.392	OUT	81	0	33	513d00000001000005b20015616e696d5f636861726163746572732f312e706e67
03:50:46.393	OUT	81	0	23	515b1700000001000005b2000a554e4954594755494c44
03:50:46.394	OUT	81	0	23	515b1700000001000005b2000a554e4954594755494c44
03:50:46.394	OUT	81	0	10	5104000005b200000000
03:50:46.395	OUT	81	0	10	5105000005b200000000
03:50:46.395	OUT	81	0	6	515e00000014
03:50:46.396	OUT	81	0	34	5119000000140000000000018448000000000000c464000000000000000000000000
03:50:46.397	OUT	81	0	18	516600000014000000000000000000000000
03:50:46.397	OUT	81	0	18	5128000073700000738c0000758100007581
03:50:46.536	IN	81	1	3	515b0e
03:50:46.537	OUT	81	0	157	515b0e0000006306001b54c3aa6e2062616e672068e1bb99693a20556e6974794775696c64000943e1baa5703a203136001242616e67206368e1bba73a206b7a6864397800125468c3a06e68207669c3aa6e3a20352f333000334b68e1baa975206869e1bb87753a2042616e6720636875cc89206361cc81692062616e672062616e6720c4836e206d61cc8079000e5175e1bbb93a203733352e303030
03:50:46.570	IN	81	1	2	5136
03:50:46.570	OUT	122	0	37	7a080000040a0200184e6869e1bb876d2076e1bba52063e1bba7612062e1baa16e00000000
03:50:46.672	OUT	81	0	6	516700004650
03:50:49.939	IN	27	1	262	1b000005b2000000000b0000003e00000082000000a000000083000000a000000083000000a100000085000000a300000086000000a300000086000000a400000087000000a500000088000000a500000088000000a600000089000000a600000089000000a70000008d000000ab0000008e000000ab0000008e000000ca0000008f000000ca0000008f000000cb000000a7000000cb000000a7000000ca000000a8000000ca000000a8000000c9000000a9000000c9000000a9000000c8000000aa000000c8000000aa000000c7000000ab000000c7000000ab000000c6000000ac000000c6000000ac000000c5000000ad000000c5000000ad000000c40000...
03:50:49.940	OUT	27	0	262	1b000005b2000000000b0000003e00000082000000a000000083000000a000000083000000a100000085000000a300000086000000a300000086000000a400000087000000a500000088000000a500000088000000a600000089000000a600000089000000a70000008d000000ab0000008e000000ab0000008e000000ca0000008f000000ca0000008f000000cb000000a7000000cb000000a7000000ca000000a8000000ca000000a8000000c9000000a9000000c9000000a9000000c8000000aa000000c8000000aa000000c7000000ab000000c7000000ab000000c6000000ac000000c6000000ac000000c5000000ad000000c5000000ad000000c40000...
03:50:51.944	IN	27	1	262	1b000005b2000000000b0000003e00000118000000ae00000119000000ae0000011a000000ad0000011a000000ac0000011b000000ac0000011b000000ab0000011c000000ab0000011c000000aa0000011d000000aa0000011d000000a90000011e000000a90000011e000000a80000011f000000a800000123000000a400000123000000a300000124000000a300000124000000a200000125000000a200000125000000a100000126000000a100000126000000a000000127000000a0000001270000009f000001280000009f000001280000009e000001290000009e000001290000009d0000012a0000009d0000012a0000009c000001450000009c0000...
03:50:51.944	OUT	27	0	262	1b000005b2000000000b0000003e00000118000000ae00000119000000ae0000011a000000ad0000011a000000ac0000011b000000ac0000011b000000ab0000011c000000ab0000011c000000aa0000011d000000aa0000011d000000a90000011e000000a90000011e000000a80000011f000000a800000123000000a400000123000000a300000124000000a300000124000000a200000125000000a200000125000000a100000126000000a100000126000000a000000127000000a0000001270000009f000001280000009f000001280000009e000001290000009e000001290000009d0000012a0000009d0000012a0000009c000001450000009c0000...
03:50:53.947	IN	27	1	262	1b000005b2000000000b0000003e00000190000000b100000191000000b100000191000000b000000192000000b000000192000000af00000193000000af00000193000000ae00000194000000ae00000194000000ad00000195000000ad00000195000000ac00000196000000ac00000196000000ab000001c7000000ab000001c8000000ac000001c8000000ad000001c9000000ad000001c9000000ae000001ca000000ae000001ca000000af000001cb000000af000001cb000000b0000001cc000000b0000001cc000000b1000001cd000000b1000001cd000000b2000001ce000000b2000001cf000000b3000001cf000000b4000001f4000000b40000...
03:50:53.948	OUT	27	0	262	1b000005b2000000000b0000003e00000190000000b100000191000000b100000191000000b000000192000000b000000192000000af00000193000000af00000193000000ae00000194000000ae00000194000000ad00000195000000ad00000195000000ac00000196000000ac00000196000000ab000001c7000000ab000001c8000000ac000001c8000000ad000001c9000000ad000001c9000000ae000001ca000000ae000001ca000000af000001cb000000af000001cb000000b0000001cc000000b0000001cc000000b1000001cd000000b1000001cd000000b2000001ce000000b2000001cf000000b3000001cf000000b4000001f4000000b40000...
03:50:55.949	IN	27	1	262	1b000005b2030000000b0000003e000001fe000000aa000001ff000000aa000001ff000000a900000201000000a700000202000000a700000202000000a600000203000000a600000203000000a500000204000000a500000204000000a400000205000000a400000205000000a30000021b000000a30000021d000000a50000021d000000a60000021e000000a60000021e000000a70000021f000000a70000021f000000a800000220000000a800000221000000a900000221000000aa00000222000000aa00000226000000ae00000226000000af00000227000000af00000227000000b000000228000000b000000229000000b10000022c000000b10000...
03:50:55.949	OUT	27	0	262	1b000005b2030000000b0000003e000001fe000000aa000001ff000000aa000001ff000000a900000201000000a700000202000000a700000202000000a600000203000000a600000203000000a500000204000000a500000204000000a400000205000000a400000205000000a30000021b000000a30000021d000000a50000021d000000a60000021e000000a60000021e000000a70000021f000000a70000021f000000a800000220000000a800000221000000a900000221000000aa00000222000000aa00000226000000ae00000226000000af00000227000000af00000227000000b000000228000000b000000229000000b10000022c000000b10000...
03:50:57.242	IN	25	1	13	19000000130000000000000001
03:50:57.243	OUT	31	0	22	1f000005b200066b7a68643978000000000000000000
03:50:57.247	OUT	29	0	18	1d0000001300000000000000016800000168
03:50:57.249	OUT	34	0	432	2200ffffffe7ffffffe70000003200000032fffffffe00106e7063732f5469656e5f4e752e706e67000000010000018200000085000000060000000300264e68616e682074617920c491c3a16e68207175c3a16920c491e1bb9569207175c3a0206ec3a800355068e1baa3692033207468e1bb8f692076c3a06e67206de1bb9b6920c491e1bb956920c491c6b0e1bba36320c491c3b3206e68c3a900355068e1baa3692033207468e1bb8f692062e1baa163206de1bb9b6920c491e1bb956920c491c6b0e1bba36320c491c3b3206e68c3a900075449454e204e550100ffffffe7ffffffe70000003200000032fffffffd000e6e7063732f6172656e612e706e...
03:50:57.257	OUT	81	0	365	51160000000792783a14000f7065744672616d65332f362e706e67000c6b68e1bba76e67206c6f6e67000000010000004a000000550002000000d7936c44000f7065744672616d65332f332e706e67000a67c3a02072e1bbab6e6700000001000000da000000890002000000a54a32d6000f7065744672616d65332f322e706e67000c72e1bb936e6720637520746500000001000001a2000000f90002000000f588d297000f7065744672616d65332f372e706e67000b74e1bb8120746869c3aa6e000000010000017a000001410002000000851bc342000f7065744672616d65332f372e706e67000b74e1bb8120746869c3aa6e000000020000011e000001...
03:50:57.267	OUT	81	0	86	510801000005b200000001000f7065744672616d65332f312e706e6700315275612054657374202873616f64656e292873616f64656e292873616f64656e292873616f64656e292873616f64656e2900000002020000
03:50:57.270	OUT	81	0	18	5128000073700000738c0000758100007581
03:50:57.270	OUT	81	0	31	515c0300000001000005b20011616e696d5f77696e67732f31352e706e6723
03:50:57.271	OUT	81	0	33	513d00000001000005b20015616e696d5f636861726163746572732f312e706e67
03:50:57.271	OUT	81	0	33	513d00000001000005b20015616e696d5f636861726163746572732f312e706e67
03:50:57.272	OUT	81	0	23	515b1700000001000005b2000a554e4954594755494c44
03:50:57.273	OUT	81	0	23	515b1700000001000005b2000a554e4954594755494c44
03:50:57.275	OUT	81	0	10	5104000005b200000000
03:50:57.276	OUT	81	0	10	5105000005b200000000
03:50:59.050	IN	81	1	6	5124851bc342
03:50:59.050	OUT	81	0	189	5124000061a8000061a8000005b200000001000f7065744672616d65332f312e706e67020000000972c3b961206261627900000001000000140000001400000019000000010000000100007370000075810000738c0000758100851bc342851bc342000f7065744672616d65332f372e706e67020000000b74e1bb8120746869c3aa6e0000000200000994000005f6000004ca000005f6020000006b000d68e1baa120c491e1bb996320310000006c000c68e1baa1207468e1bba72031
03:50:59.055	OUT	81	0	35	5126000005b202000005b2010000000a000000007f851bc342010000000a000000007f
03:50:59.056	OUT	81	0	61	512b000005b202000005b200000002000049d600002bb3000000851bc3420000000200000069000000640000020000006b0000003c0000006c0000003c
03:50:59.213	OUT	81	0	61	5125000005b2851bc342ffffffff000061a80100000001000005b2000000000000000000000000000000000000ffffffff000000000000000000000000
03:51:01.270	OUT	81	0	18	51280000736f0000738c0000758100007581
03:51:01.270	OUT	81	0	35	5126000005b202000005b2010000000a000000007f851bc342010000000a000000007f
03:51:04.732	IN	81	1	2	5167
03:51:04.846	OUT	81	0	6	516700006d60
03:51:26.305	OUT	81	0	61	5125000005b2000005b200000019000061a80100000001851bc342000000000000000000000000000000000000ffffb68e000000000000000000000000
03:51:26.307	OUT	81	0	18	51280000736f0000738c0000758100007581
03:51:26.308	OUT	81	0	35	5126000005b202000005b2010000000a000000007f851bc342010000000a000000007f
03:51:26.308	OUT	81	0	6	515e00000014
03:51:26.309	OUT	81	0	34	5119000000140000000000018448000000000000c46c000000000000000000000000
03:51:26.310	OUT	81	0	18	516600000014000000000000000000000000
03:51:26.310	OUT	81	0	20	5110000005b2000005b200000000080000009600
03:51:26.311	OUT	81	0	6	5163000005b2
03:51:26.311	OUT	81	0	18	51280000736f0000738c0000758100007581
03:51:26.312	OUT	81	0	18	51280000736f0000738c0000758100007581
03:51:26.312	OUT	81	0	35	5126000005b202000005b2010000000a000000007f851bc342010000000a000000007f
03:51:51.691	OUT	81	0	56	511600000001c56f16e2000f7065744672616d65332f332e706e67000a67c3a02072e1bbab6e67000000010000011e000001590002000000
03:52:12.869	IN	81	1	2	5167
03:52:13.014	OUT	81	0	6	516700007148
03:52:15.159	IN	81	1	6	51249487ea9a
03:52:15.159	OUT	81	0	189	5124000061a8000061a8000005b200000001000f7065744672616d65332f312e706e67020000000972c3b96120626162790000000100000014000000140000001900000001000000010000736f000075810000738c00007581009487ea9a9487ea9a000f7065744672616d65332f372e706e67020000000b74e1bb8120746869c3aa6e0000000200000994000005f6000004ca000005f6020000006b000d68e1baa120c491e1bb996320310000006c000c68e1baa1207468e1bba72031
03:52:15.162	OUT	81	0	35	5126000005b202000005b2010000000a000000007f9487ea9a010000000a000000007f
03:52:15.162	OUT	81	0	61	512b000005b202000005b200000002000049d600002bb30000009487ea9a0000000200000069000000640000020000006b0000003c0000006c0000003c
03:52:15.570	OUT	81	0	61	5125000005b29487ea9affffffff000061a80100000001000005b2000000000000000000000000000000000000ffffffff000000000000000000000000
03:52:17.579	OUT	81	0	18	51280000736e0000738c0000758100007581
03:52:17.580	OUT	81	0	35	5126000005b202000005b2010000000a000000007f9487ea9a010000000a000000007f
03:52:23.072	IN	81	1	7	51250300000000
03:52:23.080	OUT	122	0	34	7a08000003f80200154368e1bb8d6e206e677579c3aa6e206c69e1bb877500000000
03:52:31.258	IN	81	1	3	512501
03:52:31.351	OUT	81	0	61	5125000005b2000005b20000000d000061a801000000019487ea9a000000000000000000000000000000000000ffffb68e000000000000000000000000
03:52:31.352	OUT	81	0	18	51280000736e0000738c0000758100007581
03:52:31.353	OUT	81	0	35	5126000005b202000005b2010000000a000000007f9487ea9a010000000a000000007f
03:52:31.353	OUT	81	0	6	515e00000014
03:52:31.353	OUT	81	0	34	5119000000140000000000018448000000000000c474000000000000000000000000
03:52:31.354	OUT	81	0	18	516600000014000000000000000000000000
03:52:31.354	OUT	81	0	20	5110000005b2000005b200000000080000009600
03:52:31.355	OUT	81	0	6	5163000005b2
03:52:31.355	OUT	81	0	18	51280000736e0000738c0000758100007581
03:52:56.769	OUT	81	0	56	511600000001c0ee6f9d000f7065744672616d65332f332e706e67000a67c3a02072e1bbab6e6700000001000000be000001610002000000
03:53:56.346	IN	-36	1	39	dc00000000040005312e352e300005756e69747900000140000000f0000276690005322e342e39
03:53:56.346	OUT	-36	0	2	dc01
03:53:56.358	IN	64	1	1	40
03:53:56.359	OUT	64	0	41	400000000100094c6f63616c686f737400093132372e302e302e3100004aec00004aec00004aec0101
03:55:11.912	IN	-36	1	39	dc00000000040005312e352e300005756e69747900000140000000f0000276690005322e342e39
03:55:11.913	OUT	-36	0	2	dc01
03:55:12.035	IN	64	1	1	40
03:55:12.035	OUT	64	0	41	400000000100094c6f63616c686f737400093132372e302e302e3100004aec00004aec00004aec0101
03:55:23.645	IN	1	1	39	010009676f706574746573740008616263313233343500000005312e352e300000000000000000
03:55:24.216	OUT	3	0	54	03000005b200066b7a6864397800066b7a68643978001b666538303a3a623666643a393465663a393136343a63313535253500004aec
03:55:24.217	OUT	121	0	6	790000001200
03:55:24.217	OUT	31	0	22	1f000005b200066b7a68643978000000000000000000
03:55:24.217	OUT	29	0	18	1d0000000b00000000000000006000000060
03:55:24.218	OUT	34	0	2208	2200ffffffe7ffffffe70000003200000032ffffffff00136e7063735c5c7472616e5f7472616e2e706e670000000100000176000000750000000600000002002c4e68e1baad6e20706574206d69e1bb856e207068c3ad2063686f206e67c6b0e1bb9d69206de1bb9b69203a2900224e68e1baad6e20706574206d69e1bb856e207068c3ad2074e1baa16920c491c3a27900095452414e204348414e0100ffffffe7ffffffe70000003200000032fffffff900166e7063732f6261635f73695f78695f74696e2e706e6700000001000001d6000001580000000600000001002242c3a1632073c4a9207468c3ba2079206dc3a1742074617920c491c3a2792028...
03:55:24.256	OUT	81	0	6	511600000000
03:55:24.256	OUT	81	0	86	510801000005b200000001000f7065744672616d65332f312e706e6700315275612054657374202873616f64656e292873616f64656e292873616f64656e292873616f64656e292873616f64656e2900000002020000
03:55:24.258	OUT	81	0	18	51280000736e0000738c0000758100007581
03:55:24.258	OUT	81	0	31	515c0300000001000005b20011616e696d5f77696e67732f31352e706e6723
03:55:24.259	OUT	81	0	33	513d00000001000005b20015616e696d5f636861726163746572732f312e706e67
03:55:24.260	OUT	81	0	33	513d00000001000005b20015616e696d5f636861726163746572732f312e706e67
03:55:24.260	OUT	81	0	23	515b1700000001000005b2000a554e4954594755494c44
03:55:24.261	OUT	81	0	23	515b1700000001000005b2000a554e4954594755494c44
03:55:24.261	OUT	81	0	10	5104000005b200000000
03:55:24.261	OUT	81	0	10	5105000005b200000000
03:55:24.262	OUT	81	0	6	515e00000014
03:55:24.262	OUT	81	0	34	5119000000140000000000018448000000000000c474000000000000000000000000
03:55:24.262	OUT	81	0	18	516600000014000000000000000000000000
03:55:24.263	OUT	81	0	18	51280000736e0000738c0000758100007581
03:55:24.329	IN	81	1	3	515b0e
03:55:24.329	OUT	81	0	157	515b0e0000006306001b54c3aa6e2062616e672068e1bb99693a20556e6974794775696c64000943e1baa5703a203136001242616e67206368e1bba73a206b7a6864397800125468c3a06e68207669c3aa6e3a20352f333000334b68e1baa975206869e1bb87753a2042616e6720636875cc89206361cc81692062616e672062616e6720c4836e206d61cc8079000e5175e1bbb93a203733352e303030
03:55:24.346	IN	81	1	2	5136
03:55:24.346	OUT	122	0	37	7a080000040a0200184e6869e1bb876d2076e1bba52063e1bba7612062e1baa16e00000000
03:55:24.543	OUT	81	0	6	516700003a98
03:55:27.699	IN	27	1	102	1b000005b2000000000b000000160000006000000060000000600000008100000061000000810000006100000082000000620000008200000062000000830000006300000083000000630000008400000064000000840000006400000085000000fd00000085
03:55:27.700	OUT	27	0	102	1b000005b2000000000b000000160000006000000060000000600000008100000061000000810000006100000082000000620000008200000062000000830000006300000083000000630000008400000064000000840000006400000085000000fd00000085
03:55:29.699	IN	27	1	102	1b000005b2000000000b00000016000000fe00000085000001640000008500000164000000860000016500000086000001650000008700000166000000870000016600000088000001670000008800000167000000ae00000169000000b000000196000000b0
03:55:29.699	OUT	27	0	102	1b000005b2000000000b00000016000000fe00000085000001640000008500000164000000860000016500000086000001650000008700000166000000870000016600000088000001670000008800000167000000ae00000169000000b000000196000000b0
03:55:31.702	IN	27	1	38	1b000005b2030000000b0000000600000196000000b000000227000000b0000002270000009d
03:55:31.702	OUT	27	0	38	1b000005b2030000000b0000000600000196000000b000000227000000b0000002270000009d
03:55:33.482	IN	25	1	13	19000000130000000000000001
03:55:33.482	OUT	31	0	22	1f000005b200066b7a68643978000000000000000000
03:55:33.483	OUT	29	0	18	1d0000001300000000000000016800000168
03:55:33.484	OUT	34	0	432	2200ffffffe7ffffffe70000003200000032fffffffe00106e7063732f5469656e5f4e752e706e67000000010000018200000085000000060000000300264e68616e682074617920c491c3a16e68207175c3a16920c491e1bb9569207175c3a0206ec3a800355068e1baa3692033207468e1bb8f692076c3a06e67206de1bb9b6920c491e1bb956920c491c6b0e1bba36320c491c3b3206e68c3a900355068e1baa3692033207468e1bb8f692062e1baa163206de1bb9b6920c491e1bb956920c491c6b0e1bba36320c491c3b3206e68c3a900075449454e204e550100ffffffe7ffffffe70000003200000032fffffffd000e6e7063732f6172656e612e706e...
03:55:33.502	OUT	81	0	363	51160000000792783a14000f7065744672616d65332f362e706e67000c6b68e1bba76e67206c6f6e67000000010000004a000000550002000000d7936c44000f7065744672616d65332f332e706e67000a67c3a02072e1bbab6e6700000001000000da000000890002000000a54a32d6000f7065744672616d65332f322e706e67000c72e1bb936e6720637520746500000001000001a2000000f90002000000f588d297000f7065744672616d65332f372e706e67000b74e1bb8120746869c3aa6e000000010000017a000001410002000000cb9ae1a0000f7065744672616d65332f322e706e67000c72e1bb936e6720637520746500000001000000760000...
03:55:33.512	OUT	81	0	86	510801000005b200000001000f7065744672616d65332f312e706e6700315275612054657374202873616f64656e292873616f64656e292873616f64656e292873616f64656e292873616f64656e2900000002020000
03:55:33.514	OUT	81	0	18	51280000736e0000738c0000758100007581
03:55:33.514	OUT	81	0	31	515c0300000001000005b20011616e696d5f77696e67732f31352e706e6723
03:55:33.515	OUT	81	0	33	513d00000001000005b20015616e696d5f636861726163746572732f312e706e67
03:55:33.516	OUT	81	0	33	513d00000001000005b20015616e696d5f636861726163746572732f312e706e67
03:55:33.517	OUT	81	0	23	515b1700000001000005b2000a554e4954594755494c44
03:55:33.518	OUT	81	0	23	515b1700000001000005b2000a554e4954594755494c44
03:55:33.519	OUT	81	0	10	5104000005b200000000
03:55:33.520	OUT	81	0	10	5105000005b200000000
03:55:34.948	IN	81	1	6	5124c56f16e2
03:55:34.949	OUT	81	0	197	5124000061a8000061a8000005b200000001000f7065744672616d65332f312e706e67020000000972c3b96120626162790000000100000014000000140000001900000001000000010000736e000075810000738c0000758100c56f16e2c56f16e2000f7065744672616d65332f332e706e67020000000a67c3a02072e1bbab6e67000000010000066e000003ff00000337000003ff0200000065000c736f6e67206bc3ad636820310000006600166769e1baa36d2073c3a174207468c6b0c6a16e672031
03:55:34.951	OUT	81	0	35	5126000005b202000005b2010000000affffec787fc56f16e2010000000a000007d07f
03:55:34.952	OUT	81	0	61	512b000005b202000005b200000002000049d600002bb3000000c56f16e200000001000000470000004200000200000065000000320000006600000032
03:55:34.986	OUT	81	0	61	5125000005b2c56f16e2ffffffff000061a80100000001000005b2000000000000000000000000000000000000ffffffff000000000000000000000000
03:55:37.040	OUT	81	0	18	51280000736d0000738c0000758100007581
03:55:37.041	OUT	81	0	35	5126000005b202000005b2010000000affffec787fc56f16e2010000000a000007d07f
03:55:39.070	IN	81	1	6	5124c0ee6f9d
03:55:39.550	IN	81	1	2	5167
03:55:39.607	OUT	81	0	6	516700004268
03:55:56.612	IN	81	1	2	5167
03:55:57.039	OUT	81	0	6	516700007148
03:56:02.146	OUT	81	0	61	5125000005b2000005b200000019000061a80100000001c56f16e2000000000000000000000000000000000000ffffb679000000000000000000000000
03:56:02.147	OUT	81	0	18	51280000736d0000738c0000758100007581
03:56:02.148	OUT	81	0	35	5126000005b202000005b2010000000affffec787fc56f16e2010000000a000007d07f
03:56:02.151	OUT	81	0	6	515e00000014
03:56:02.151	OUT	81	0	34	5119000000140000000000018448000000000000c478000000000000000000000000
03:56:02.152	OUT	81	0	18	516600000014000000000000000000000000
03:56:02.153	OUT	81	0	20	5110000005b2000005b200000000040000006400
03:56:02.153	OUT	81	0	6	5163000005b2
03:56:02.153	OUT	81	0	18	51280000736d0000738c0000758100007581
03:56:02.153	OUT	81	0	18	51280000736d0000738c0000758100007581
03:56:02.154	OUT	81	0	35	5126000005b202000005b2010000000affffec787fc56f16e2010000000a000007d07f
03:56:05.574	IN	81	1	6	5124a54a32d6
03:56:05.574	OUT	81	0	185	5124000061a8000061a8000005b200000001000f7065744672616d65332f312e706e67020000000972c3b96120626162790000000100000014000000140000001900000001000000010000736d000075810000738c0000758100a54a32d6a54a32d6000f7065744672616d65332f322e706e67020000000c72e1bb936e67206375207465000000010000066e000003ff00000337000003ff0200000068000862c4836e6720203100000069000c73e1baa56d2073c3a9742031
03:56:05.577	OUT	81	0	35	5126000005b202000005b2010000000affffec787fa54a32d6010000000a000007d07f
03:56:05.578	OUT	81	0	61	512b000005b202000005b200000002000049d600002bb3000000a54a32d6000000010000004700000042000002000000680000003c000000690000003c
03:56:05.721	OUT	81	0	61	5125000005b2a54a32d6ffffffff000061a80100000001000005b2000000000000000000000000000000000000ffffffff000000000000000000000000
03:56:07.759	OUT	81	0	18	51280000736c0000738c0000758100007581
03:56:07.760	OUT	81	0	35	5126000005b202000005b2010000000affffec787fa54a32d6010000000a000007d07f
03:56:27.628	OUT	81	0	58	511600000001a588b8a2000f7065744672616d65332f362e706e67000c6b68e1bba76e67206c6f6e67000000010000011e000001590002000000
03:56:27.853	IN	81	1	2	5167
03:56:28.143	OUT	81	0	6	516700004268
03:56:33.263	OUT	81	0	61	5125000005b2000005b200000019000061a80100000001a54a32d6000000000000000000000000000000000000ffffb679000000000000000000000000
03:56:33.269	OUT	81	0	18	51280000736c0000738c0000758100007581
03:56:33.271	OUT	81	0	35	5126000005b202000005b2010000000affffec787fa54a32d6010000000a000007d07f
03:56:33.273	OUT	81	0	6	515e00000014
03:56:33.273	OUT	81	0	34	5119000000140000000000018448000000000000c47c000000000000000000000000
03:56:33.275	OUT	81	0	18	516600000014000000000000000000000000
03:56:33.277	OUT	81	0	20	5110000005b2000005b200000000040000006400
03:56:33.278	OUT	81	0	6	5163000005b2
03:56:33.279	OUT	81	0	18	51280000736c0000738c0000758100007581
03:56:33.280	OUT	81	0	18	51280000736c0000738c0000758100007581
03:56:33.281	OUT	81	0	35	5126000005b202000005b2010000000affffec787fa54a32d6010000000a000007d07f
03:56:36.235	IN	122	1	6	7a02fffffffd
03:56:36.239	OUT	122	0	273	7a05fffffffd0000000a00000040000f506574204c656167756520426574610000004100174368e1bb8d6e20706574207068c3b26e67207468e1bba70000000a000c56c6b0e1bba37420e1baa3690000000b001553686f7020c491e1baa575207472c6b0e1bb9d6e670000000c001f53686f7020c491e1baa575207472c6b0e1bb9d6e672073696e682074e1bbad0000000d000d5468c3a1636820c491e1baa5750000000e00184d75612062c3ac6e68206ec4836e67206cc6b0e1bba36e670000003f0016546f7020c49169e1bb836d2074c3ad6368206cc5a97900000043001a42c3a16f2064616e6820c491e1baa575207472c6b0e1bb9d6e670000005000...
03:56:41.381	IN	122	1	10	7a05fffffffd0000000d
03:56:41.387	OUT	10	0	41	0a002654c3ad6e68206ec4836e6720c491616e6720c491c6b0e1bba3632078c3a2792064e1bbb16e67
03:56:44.081	IN	122	1	6	7a02fffffffd
03:56:44.081	OUT	122	0	273	7a05fffffffd0000000a00000040000f506574204c656167756520426574610000004100174368e1bb8d6e20706574207068c3b26e67207468e1bba70000000a000c56c6b0e1bba37420e1baa3690000000b001553686f7020c491e1baa575207472c6b0e1bb9d6e670000000c001f53686f7020c491e1baa575207472c6b0e1bb9d6e672073696e682074e1bbad0000000d000d5468c3a1636820c491e1baa5750000000e00184d75612062c3ac6e68206ec4836e67206cc6b0e1bba36e670000003f0016546f7020c49169e1bb836d2074c3ad6368206cc5a97900000043001a42c3a16f2064616e6820c491e1baa575207472c6b0e1bb9d6e670000005000...
03:56:45.012	IN	122	1	10	7a05fffffffd00000041
03:56:45.021	OUT	122	0	282	7a080000041b02000f5065742063e1bba7612062e1baa16e0000000100000000001069636f6e732f312e69636f6e2e706e6700315275612054657374202873616f64656e292873616f64656e292873616f64656e292873616f64656e292873616f64656e29005228737472292032322028696e742920323520286167692920323020206c766c3a2032202c20312e3030302065787020202c203133202861746b2920202c203620286465662920202c2031353020286d7029200101005142e1baa16e2063c3b3206d75e1bb916e206368e1bb8d6e205275612054657374202873616f64656e292873616f64656e292873616f64656e292873616f64656e292873...
03:56:45.148	IN	81	1	2	5167
03:56:45.540	OUT	81	0	6	516700004e20
03:56:47.417	IN	122	1	6	7a02fffffffd
03:56:47.417	OUT	122	0	273	7a05fffffffd0000000a00000040000f506574204c656167756520426574610000004100174368e1bb8d6e20706574207068c3b26e67207468e1bba70000000a000c56c6b0e1bba37420e1baa3690000000b001553686f7020c491e1baa575207472c6b0e1bb9d6e670000000c001f53686f7020c491e1baa575207472c6b0e1bb9d6e672073696e682074e1bbad0000000d000d5468c3a1636820c491e1baa5750000000e00184d75612062c3ac6e68206ec4836e67206cc6b0e1bba36e670000003f0016546f7020c49169e1bb836d2074c3ad6368206cc5a97900000043001a42c3a16f2064616e6820c491e1baa575207472c6b0e1bb9d6e670000005000...
03:56:48.715	IN	122	1	10	7a05fffffffd0000000b
03:56:48.728	OUT	122	0	2107	7a080000000903001c43e1bbad612068c3a06e6720c491e1baa575207472c6b0e1bb9d6e670000000b00000000000e6e7063732f666f6e65322e706e67001752657365742076e1baad74207068e1baa96d2073686f70003744c3b96e6720312e303030202876616e672920c491e1bb8320c491e1bb95692063c3a1632076e1baad74207068e1baa96d206b68c3a1630101002642e1baa16e2063c3b3206368e1baaf63206d75e1bb916e206d7561206ec3b3206b68c3b46e6700024f4b000000000000000100000000000c312e303030202876616e67290100000001000f6974656d732f36313033362e706e67000d62c3ac6e682078342065787020002173e1...
03:56:48.787	IN	96	1	19	600003000e6e7063732f666f6e65322e706e67
03:56:48.798	OUT	96	0	840	600003000e6e7063732f666f6e65322e706e670000033189504e470d0a1a0a0000000d494844520000002000000025080600000023b7eb47000000017352474200aece1ce90000000467414d410000b18f0bfc6105000000097048597300000ec300000ec301c76fa864000002b8494441545847b596c16a14411445e793b277957d1682ffe02e4b7759b9f10302fe4140b701f503c48de0524530909da8480212a293cc8c75ded42ddebcaeaeeea4db0b979aaaae7af754f54cf72ceea3cde3d3cd90f3d4f965019f7f6c06755790cbfde30dceddaa54b4e90897c77389ba08d6c23e088aac5e9dd99c3ed9f506482eb52b02d7df97c52c8c10d5820df582d4...
03:56:48.807	IN	96	1	20	600003000f6974656d732f39323030352e706e67
03:56:48.824	IN	96	1	20	600003000f6974656d732f34333030332e706e67
03:56:48.838	IN	96	1	20	600003000f6974656d732f33333030332e706e67
03:56:48.839	OUT	96	0	482	600003000f6974656d732f39323030352e706e67000001ca89504e470d0a1a0a0000000d4948445200000019000000220806000000aa54720d000000017352474200aece1ce90000000467414d410000b18f0bfc6105000000097048597300000ec300000ec301c76fa8640000015f49444154484bbd91cb4dc44010057d2407e2e34c00044142dc88002220058e48488bcab8a4b7adb1d7ecb67952aba73f7e35b33bfd45770f4f2762297ba5f9f3e7698e7610868f6f1fb3f9ebf7d71cad208cee5fdecf20a80d5201846a8524e0f0570820b70050be4200a2dffa8afa33f98a2d88f38c65742e06f90a21f481132303e7f517a87bab8bbe823e5161f5bb5d...
03:56:48.852	OUT	96	0	490	600003000f6974656d732f34333030332e706e67000001d289504e470d0a1a0a0000000d4948445200000018000000180806000000e0773df8000000017352474200aece1ce90000000467414d410000b18f0bfc6105000000097048597300000ec300000ec301c76fa8640000016749444154484bcd92b14a043114450715cb6dd4ceafb0f727b4f2032cb7b6b0b0b0b211c44f50c1c58fb0b217f1036cb7105b61959513e6ac6fc2ec389b69bc7099844cce7d495e55a2edad9d79ee7a699884ed5e7e36bc3f990e0f623320809b470f0d8f4e5ee60793595a2b0a119e83a309f124f5b67e6203d5b501b573fe2b0e789d7e35e0771fdf8b60e6547f3a3e2e...
03:56:48.853	IN	96	1	20	600003000f6974656d732f33333030322e706e67
03:56:48.860	OUT	96	0	662	600003000f6974656d732f33333030332e706e670000027e89504e470d0a1a0a0000000d4948445200000020000000110806000000bc5caefc000000017352474200aece1ce90000000467414d410000b18f0bfc6105000000097048597300000ec300000ec301c76fa8640000020a49444154484bb594bd4a4341108543d44a055b11c452103156166a6161636361447c83606315843c8169b4b1f3070d828d858585bf8da0a0e803580811ebf80666f5dbdcb3997b73fd0175e06477e7eecc39333b9af9a9757677392172a5fa7e6d69097bfbfa5db1b8e22abbdb6e2ebf104827c727bc1fa489d0bdb46fa9c6c5c3a5acdb99ee0841ac10dfde3d04011291...
03:56:48.866	IN	96	1	20	600003000f6974656d732f32333031312e706e67
03:56:48.875	OUT	96	0	421	600003000f6974656d732f33333030322e706e670000018d89504e470d0a1a0a0000000d49484452000000180000000e080600000035f8dc7e000000017352474200aece1ce90000000467414d410000b18f0bfc6105000000097048597300000ec300000ec301c76fa8640000012249444154384fa5923d4e425110856f0115c14456406161dc838589f684929eca05d8cb02dc8189253bb066030477615c81b100be91ef65de0d4f4398e464fece9c735ff2ca5f717ff7b205b9b63f3b105a6dbeb757378f2148a6bf5d7e9e6f528b1b9a3c2fd6ad1db5388cba0392afecf77b714006ee66f3f730710ebc198d278110aba34b9c3947e48ba78f3090c36c30...
03:56:48.878	IN	96	1	20	600003000f6974656d732f32333030332e706e67
03:56:48.882	OUT	96	0	701	600003000f6974656d732f32333031312e706e67000002a589504e470d0a1a0a0000000d494844520000001d0000001f08060000001b5bc604000000017352474200aece1ce90000000467414d410000b18f0bfc6105000000097048597300000ec300000ec301c76fa8640000023a49444154484bb596bd6e1431144657a2e23528790d1a44899078022a4a14a58b942e557a44910a2950f10229f82953a5414a8af434540122850c1c7bcfeafac6934c56b39ff4c99ed9ebeff87a663759aca3470fde0c7a796bb302a47e9c0d9b0767e0c9ded5afa3f7d79b03472002faf6f9f7e1ddeedf6123e00c447f0e2f56d0d78f8fe70767e8e5e5efd5f102dc7971...
03:56:48.889	IN	96	1	20	600003000f6974656d732f31313130312e706e67
03:56:48.896	OUT	96	0	572	600003000f6974656d732f32333030332e706e670000022489504e470d0a1a0a0000000d4948445200000017000000170806000000e02ad4a0000000017352474200aece1ce90000000467414d410000b18f0bfc6105000000097048597300000ec300000ec301c76fa864000001b949444154484b9d95bd4a03411485831ac126626761652fe669043b1f41909047b01151f11562632188e05f2988852048b04a6f192b7521c9e837ee59ee4e66968d170e3bb399fdcec99dc9a6d16c2eb8ba6a6fb66792870f871f937effcda1fbdb1bafa3e3d3923a9d6eb14e6b52627d01e7864d9852982ca528bcd57dadd4c32873cb8f9329ad9c8dbc1803851785afcf...
03:56:48.904	IN	96	1	20	600003000f6974656d732f39313030332e706e67
03:56:48.906	OUT	96	0	265	600003000f6974656d732f31313130312e706e67000000f189504e470d0a1a0a0000000d494844520000001200000012080600000056ce8e57000000017352474200aece1ce90000000467414d410000b18f0bfc6105000000097048597300000ec300000ec301c76fa8640000008649444154384f632007b016fcfc0fc2c5515cff815c10261d80348300a76e3b6586c10ce27dff176c184506810c0161b25d04d2f4fb6830dc5b64b9086608885ed024f917868152247bebffb10e0db0212036595e0202b84b900c20cd1090466497403169008b21a4039821485e211d0c2e43d062862c30480ca196774000660005863030000062779f89b3fd47cb000000...
03:56:48.919	OUT	96	0	295	600003000f6974656d732f39313030332e706e670000010f89504e470d0a1a0a0000000d49484452000000100000000b080600000076e20d39000000017352474200aece1ce90000000467414d410000b18f0bfc6105000000097048597300000ec300000ec301c76fa864000000a44944415428537590d10dc2300c053341e761862ed40198854d18a042fd8419109f4894a06bfd52c73227598ddddc4b9492f15e1e3583b96dc9f1e230ddeae95abbbaaf9fff21fc6083c4f3fcb5a85da4578829075ee6eb4bb04e6f1165c19a532fcf755bab088116c210998d82d9f83a4485882e440122ca946ee251480be0cba6286737215087766fa092107b8914b477...
03:56:58.340	OUT	81	0	57	5116000000018c74d348000f7065744672616d65332f372e706e67000b74e1bb8120746869c3aa6e00000002000001a2000000f90002000000
